file_path,fact_id,current_state,risk_level,confidence,source_quality,provenance,bucket,sub_reason,urls_alive_count,urls_dead_count,conflicts_with
/Users/martin/Documents/tebiq-rc-sprint/docs/fact-cards/aoiro-shinkoku-65.md,aoiro-shinkoku-65,ai_extracted,medium,high,official,ai_bulk_2026_05_17,needs_domain,ai_extracted high-confidence — promote candidate pending DOMAIN review,3,0,
/Users/martin/Documents/tebiq-rc-sprint/docs/fact-cards/chintai-hoshou-gaikokujin.md,chintai-hoshou-gaikokujin,ai_extracted,low,medium,official,ai_bulk_2026_05_17,needs_domain,ai_extracted + low/medium confidence — pending DOMAIN review,3,0,
/Users/martin/Documents/tebiq-rc-sprint/docs/fact-cards/coe-email-receipt-2023.md,coe-email-receipt-2023,ai_extracted,low,high,official,ai_bulk_2026_05_17,needs_domain,ai_extracted high-confidence — promote candidate pending DOMAIN review,3,0,
/Users/martin/Documents/tebiq-rc-sprint/docs/fact-cards/coe-shokai-overview.md,coe-shokai-overview,ai_extracted,medium,high,official,ai_bulk_2026_05_17,needs_domain,ai_extracted high-confidence — promote candidate pending DOMAIN review,3,0,
/Users/martin/Documents/tebiq-rc-sprint/docs/fact-cards/coe-validity-3months.md,coe-validity-3months,ai_extracted,high,high,official,ai_bulk_2026_05_17,needs_domain,ai_extracted high-confidence — promote candidate pending DOMAIN review,3,0,
/Users/martin/Documents/tebiq-rc-sprint/docs/fact-cards/dattai-ichijikin-2years.md,dattai-ichijikin-2years,ai_extracted,medium,high,official,ai_bulk_2026_05_17,needs_domain,ai_extracted high-confidence — promote candidate pending DOMAIN review,3,0,
/Users/martin/Documents/tebiq-rc-sprint/docs/fact-cards/eijuu-3000man-shisan-myth.md,eijuu-3000man-shisan-myth,ai_extracted,high,medium,official,ai_bulk_2026_05_17,needs_domain,ai_extracted + low/medium confidence — pending DOMAIN review,3,0,
/Users/martin/Documents/tebiq-rc-sprint/docs/fact-cards/eijuu-after-kika-card.md,eijuu-after-kika-card,ai_extracted,medium,high,official,ai_bulk_2026_05_17,needs_domain,ai_extracted high-confidence — promote candidate pending DOMAIN review,3,0,
/Users/martin/Documents/tebiq-rc-sprint/docs/fact-cards/eijuu-application-fee-10000.md,eijuu-application-fee-10000,ai_extracted,medium,high,official,ai_bulk_2026_05_17,needs_domain,ai_extracted high-confidence — promote candidate pending DOMAIN review,3,0,
/Users/martin/Documents/tebiq-rc-sprint/docs/fact-cards/eijuu-bbq-criminal-record.md,eijuu-bbq-criminal-record,ai_extracted,high,medium,official,ai_bulk_2026_05_17,needs_domain,ai_extracted + low/medium confidence — pending DOMAIN review,3,0,
/Users/martin/Documents/tebiq-rc-sprint/docs/fact-cards/eijuu-card-koushin.md,eijuu-card-koushin,ai_verified,high,medium,official,human_curated_early,runtime_eligible,ai_verified + official + factual + not deep-water + risk<critical,5,0,
/Users/martin/Documents/tebiq-rc-sprint/docs/fact-cards/eijuu-children-direct-route.md,eijuu-children-direct-route,ai_extracted,medium,medium,official,ai_bulk_2026_05_17,needs_domain,ai_extracted + low/medium confidence — pending DOMAIN review,3,0,
/Users/martin/Documents/tebiq-rc-sprint/docs/fact-cards/eijuu-guideline-10years.md,eijuu-guideline-10years,ai_extracted,high,high,official,ai_bulk_2026_05_17,needs_domain,ai_extracted high-confidence — promote candidate pending DOMAIN review,3,0,
/Users/martin/Documents/tebiq-rc-sprint/docs/fact-cards/eijuu-haigusha-3years-route.md,eijuu-haigusha-3years-route,ai_extracted,high,medium,official,ai_bulk_2026_05_17,needs_domain,deep-water family slug/keyword,3,0,
/Users/martin/Documents/tebiq-rc-sprint/docs/fact-cards/eijuu-haigusha-visa.md,eijuu-haigusha-visa,ai_extracted,high,medium,official,human_curated_early,needs_domain,deep-water family slug/keyword,5,0,
/Users/martin/Documents/tebiq-rc-sprint/docs/fact-cards/eijuu-haigusha-zairyu-1year.md,eijuu-haigusha-zairyu-1year,ai_extracted,medium,high,official,ai_bulk_2026_05_17,needs_domain,deep-water family slug/keyword,3,0,
/Users/martin/Documents/tebiq-rc-sprint/docs/fact-cards/eijuu-jukyo-check-tax-shomeisho.md,eijuu-jukyo-check-tax-shomeisho,ai_extracted,high,medium,official,ai_bulk_2026_05_17,needs_domain,ai_extracted + low/medium confidence — pending DOMAIN review,3,0,
/Users/martin/Documents/tebiq-rc-sprint/docs/fact-cards/eijuu-jukyo-period-overseas.md,eijuu-jukyo-period-overseas,ai_extracted,high,medium,official,ai_bulk_2026_05_17,needs_domain,ai_extracted + low/medium confidence — pending DOMAIN review,3,0,
/Users/martin/Documents/tebiq-rc-sprint/docs/fact-cards/eijuu-junior-15-eligibility.md,eijuu-junior-15-eligibility,ai_extracted,low,medium,official,ai_bulk_2026_05_17,needs_domain,ai_extracted + low/medium confidence — pending DOMAIN review,3,0,
/Users/martin/Documents/tebiq-rc-sprint/docs/fact-cards/eijuu-kashikuken-bekkyo.md,eijuu-kashikuken-bekkyo,ai_extracted,medium,medium,official,ai_bulk_2026_05_17,needs_domain,ai_extracted + low/medium confidence — pending DOMAIN review,3,0,
/Users/martin/Documents/tebiq-rc-sprint/docs/fact-cards/eijuu-letterofunderstanding-2021.md,eijuu-letterofunderstanding-2021,ai_extracted,medium,high,official,ai_bulk_2026_05_17,needs_domain,ai_extracted high-confidence — promote candidate pending DOMAIN review,3,0,
/Users/martin/Documents/tebiq-rc-sprint/docs/fact-cards/eijuu-nenkin-2year-shomei-method.md,eijuu-nenkin-2year-shomei-method,ai_extracted,medium,high,official,ai_bulk_2026_05_17,needs_domain,ai_extracted high-confidence — promote candidate pending DOMAIN review,3,0,
/Users/martin/Documents/tebiq-rc-sprint/docs/fact-cards/eijuu-nenkin-risk.md,eijuu-nenkin-risk,ai_extracted,critical,medium,official,human_curated_early,needs_domain,deep-water family slug/keyword,7,0,
/Users/martin/Documents/tebiq-rc-sprint/docs/fact-cards/eijuu-payment-strict-2024.md,eijuu-payment-strict-2024,ai_extracted,high,medium,official,ai_bulk_2026_05_17,needs_domain,ai_extracted + low/medium confidence — pending DOMAIN review,3,0,
/Users/martin/Documents/tebiq-rc-sprint/docs/fact-cards/eijuu-renew-not-required.md,eijuu-renew-not-required,ai_extracted,medium,high,official,ai_bulk_2026_05_17,needs_domain,ai_extracted high-confidence — promote candidate pending DOMAIN review,3,0,
/Users/martin/Documents/tebiq-rc-sprint/docs/fact-cards/eijuu-shinsei-shorui.md,eijuu-shinsei-shorui,ai_extracted,high,high,official,human_curated_early,needs_domain,deep-water family slug/keyword,7,0,
/Users/martin/Documents/tebiq-rc-sprint/docs/fact-cards/eijuu-shotoku-200man-myth.md,eijuu-shotoku-200man-myth,ai_extracted,high,low,official,ai_bulk_2026_05_17,needs_domain,ai_extracted + low/medium confidence — pending DOMAIN review,3,0,
/Users/martin/Documents/tebiq-rc-sprint/docs/fact-cards/eijuu-shotoku-haigusha-3year.md,eijuu-shotoku-haigusha-3year,ai_extracted,medium,medium,official,ai_bulk_2026_05_17,needs_domain,deep-water family slug/keyword,3,0,
/Users/martin/Documents/tebiq-rc-sprint/docs/fact-cards/eijuu-takeoff-risk.md,eijuu-takeoff-risk,ai_extracted,high,high,official,ai_bulk_2026_05_17,needs_domain,ai_extracted high-confidence — promote candidate pending DOMAIN review,3,0,
/Users/martin/Documents/tebiq-rc-sprint/docs/fact-cards/eijuu-tokubetsu.md,eijuu-tokubetsu,ai_verified,medium,high,official,human_curated_early,needs_domain,primary official URL DEAD (https://www.moj.go.jp/isa/applications/status/tokubetsueijusha.html); needs FACT URL refresh,5,5,
/Users/martin/Documents/tebiq-rc-sprint/docs/fact-cards/eijuu-vs-kika-key-diff.md,eijuu-vs-kika-key-diff,ai_extracted,medium,high,official,ai_bulk_2026_05_17,needs_domain,ai_extracted high-confidence — promote candidate pending DOMAIN review,4,0,
/Users/martin/Documents/tebiq-rc-sprint/docs/fact-cards/eijuu-zairyu-keizoku-renewal-during.md,eijuu-zairyu-keizoku-renewal-during,ai_extracted,high,high,official,ai_bulk_2026_05_17,needs_domain,ai_extracted high-confidence — promote candidate pending DOMAIN review,3,0,
/Users/martin/Documents/tebiq-rc-sprint/docs/fact-cards/eijuu-zairyu-kikan.md,eijuu-zairyu-kikan,ai_verified,high,high,official,human_curated_early,needs_domain,ai_verified but contains ai_inference/strategy language,7,0,
/Users/martin/Documents/tebiq-rc-sprint/docs/fact-cards/eijuu-zeikin-payment.md,eijuu-zeikin-payment,ai_extracted,high,high,official,ai_bulk_2026_05_17,needs_domain,ai_extracted high-confidence — promote candidate pending DOMAIN review,3,0,
/Users/martin/Documents/tebiq-rc-sprint/docs/fact-cards/eijuusha-haigusha-divorce.md,eijuusha-haigusha-divorce,ai_extracted,high,high,official,ai_bulk_2026_05_17,needs_domain,deep-water family slug/keyword,4,0,
/Users/martin/Documents/tebiq-rc-sprint/docs/fact-cards/foreigner-employment-info-portal.md,foreigner-employment-info-portal,ai_extracted,low,medium,official,ai_bulk_2026_05_17,needs_domain,ai_extracted + low/medium confidence — pending DOMAIN review,3,0,
/Users/martin/Documents/tebiq-rc-sprint/docs/fact-cards/fuhou-shurou-employer.md,fuhou-shurou-employer,ai_extracted,high,high,official,ai_bulk_2026_05_17,needs_domain,ai_extracted high-confidence — promote candidate pending DOMAIN review,3,0,
/Users/martin/Documents/tebiq-rc-sprint/docs/fact-cards/furusato-nozei.md,furusato-nozei,ai_verified,low,high,official,human_curated_early,runtime_eligible,ai_verified + official + factual + not deep-water + risk<critical,5,0,
/Users/martin/Documents/tebiq-rc-sprint/docs/fact-cards/gaiko-souzoku-kokusai.md,gaiko-souzoku-kokusai,ai_extracted,medium,medium,official,ai_bulk_2026_05_17,needs_domain,ai_extracted + low/medium confidence — pending DOMAIN review,3,0,
/Users/martin/Documents/tebiq-rc-sprint/docs/fact-cards/gaikokujin-byoin.md,gaikokujin-byoin,ai_verified,medium,high,official,human_curated_early,runtime_eligible,ai_verified + official + factual + not deep-water + risk<critical,5,0,
/Users/martin/Documents/tebiq-rc-sprint/docs/fact-cards/gaikokujin-chintai.md,gaikokujin-chintai,ai_verified,medium,high,official,human_curated_early,runtime_eligible,ai_verified + official + factual + not deep-water + risk<critical,5,0,
/Users/martin/Documents/tebiq-rc-sprint/docs/fact-cards/gaikokujin-kenko-shindan.md,gaikokujin-kenko-shindan,ai_verified,medium,high,official,human_curated_early,runtime_eligible,ai_verified + official + factual + not deep-water + risk<critical,5,0,
/Users/martin/Documents/tebiq-rc-sprint/docs/fact-cards/gaikokujin-koyo-todokede.md,gaikokujin-koyo-todokede,ai_verified,high,high,official,human_curated_early,l5_eligible,slug matches L5 signal 'todoke',4,0,
/Users/martin/Documents/tebiq-rc-sprint/docs/fact-cards/gaikokujin-rodo-sodan.md,gaikokujin-rodo-sodan,ai_verified,medium,high,official,human_curated_early,runtime_eligible,ai_verified + official + factual + not deep-water + risk<critical,5,0,
/Users/martin/Documents/tebiq-rc-sprint/docs/fact-cards/gaikokujin-seikatsu-hogo.md,gaikokujin-seikatsu-hogo,ai_verified,high,high,official,human_curated_early,runtime_eligible,ai_verified + official + factual + not deep-water + risk<critical,5,0,
/Users/martin/Documents/tebiq-rc-sprint/docs/fact-cards/gaikokujin-sodan-center.md,gaikokujin-sodan-center,ai_verified,low,high,official,human_curated_early,runtime_eligible,ai_verified + official + factual + not deep-water + risk<critical,5,0,
/Users/martin/Documents/tebiq-rc-sprint/docs/fact-cards/gaikokujin-soudan-center.md,gaikokujin-soudan-center,ai_extracted,low,high,official,ai_bulk_2026_05_17,needs_domain,ai_extracted high-confidence — promote candidate pending DOMAIN review,3,0,
/Users/martin/Documents/tebiq-rc-sprint/docs/fact-cards/gaimen-kirikae-process.md,gaimen-kirikae-process,ai_extracted,medium,medium,official,ai_bulk_2026_05_17,needs_domain,ai_extracted + low/medium confidence — pending DOMAIN review,3,0,
/Users/martin/Documents/tebiq-rc-sprint/docs/fact-cards/gijinkoku-category-1-2-3-4.md,gijinkoku-category-1-2-3-4,ai_extracted,high,high,official,ai_bulk_2026_05_17,needs_domain,ai_extracted high-confidence — promote candidate pending DOMAIN review,3,0,
/Users/martin/Documents/tebiq-rc-sprint/docs/fact-cards/gijinkoku-cefr-b2-2026.md,gijinkoku-cefr-b2-2026,ai_extracted,high,high,official,ai_bulk_2026_05_17,needs_domain,ai_extracted high-confidence — promote candidate pending DOMAIN review,3,0,
/Users/martin/Documents/tebiq-rc-sprint/docs/fact-cards/gijinkoku-job-mismatch.md,gijinkoku-job-mismatch,ai_verified,high,high,official,human_curated_early,needs_domain,deep-water family slug/keyword,9,0,
/Users/martin/Documents/tebiq-rc-sprint/docs/fact-cards/gijinkoku-koushin-shorui.md,gijinkoku-koushin-shorui,ai_verified,high,high,official,human_curated_early,runtime_eligible,ai_verified + official + factual + not deep-water + risk<critical,7,0,
/Users/martin/Documents/tebiq-rc-sprint/docs/fact-cards/gijinkoku-major-job-match.md,gijinkoku-major-job-match,ai_extracted,high,medium,official,ai_bulk_2026_05_17,needs_domain,ai_extracted + low/medium confidence — pending DOMAIN review,3,0,
/Users/martin/Documents/tebiq-rc-sprint/docs/fact-cards/gijinkoku-shihon-jugyou-strict.md,gijinkoku-shihon-jugyou-strict,ai_extracted,high,high,official,ai_bulk_2026_05_17,needs_domain,ai_extracted high-confidence — promote candidate pending DOMAIN review,3,0,
/Users/martin/Documents/tebiq-rc-sprint/docs/fact-cards/gijinkoku-shotoku-shokuin-naka.md,gijinkoku-shotoku-shokuin-naka,ai_extracted,high,medium,official,ai_bulk_2026_05_17,needs_domain,ai_extracted + low/medium confidence — pending DOMAIN review,3,0,
/Users/martin/Documents/tebiq-rc-sprint/docs/fact-cards/ginko-account-gaijin-6months.md,ginko-account-gaijin-6months,ai_extracted,medium,medium,official,ai_bulk_2026_05_17,needs_domain,ai_extracted + low/medium confidence — pending DOMAIN review,3,3,
/Users/martin/Documents/tebiq-rc-sprint/docs/fact-cards/ginko-kouza-gaijin.md,ginko-kouza-gaijin,ai_verified,medium,high,official,human_curated_early,runtime_eligible,ai_verified + official + factual + not deep-water + risk<critical,5,5,
/Users/martin/Documents/tebiq-rc-sprint/docs/fact-cards/haigusha-todokede-14days.md,haigusha-todokede-14days,ai_extracted,high,high,official,ai_bulk_2026_05_17,needs_domain,deep-water family slug/keyword,3,0,
/Users/martin/Documents/tebiq-rc-sprint/docs/fact-cards/haken-zairyu.md,haken-zairyu,ai_verified,high,high,official,human_curated_early,runtime_eligible,ai_verified + official + factual + not deep-water + risk<critical,7,0,
/Users/martin/Documents/tebiq-rc-sprint/docs/fact-cards/henkou-shinsei-fee-6000.md,henkou-shinsei-fee-6000,ai_extracted,low,high,official,ai_bulk_2026_05_17,needs_domain,ai_extracted high-confidence — promote candidate pending DOMAIN review,3,0,
/Users/martin/Documents/tebiq-rc-sprint/docs/fact-cards/hi-kyojusha-tax-20-42.md,hi-kyojusha-tax-20-42,ai_extracted,medium,high,official,ai_bulk_2026_05_17,needs_domain,ai_extracted high-confidence — promote candidate pending DOMAIN review,3,0,
/Users/martin/Documents/tebiq-rc-sprint/docs/fact-cards/hometown-tax-furusato.md,hometown-tax-furusato,ai_extracted,low,high,official,ai_bulk_2026_05_17,needs_domain,ai_extracted high-confidence — promote candidate pending DOMAIN review,3,0,
/Users/martin/Documents/tebiq-rc-sprint/docs/fact-cards/hoshou-jin-eijuu.md,hoshou-jin-eijuu,ai_extracted,medium,high,official,ai_bulk_2026_05_17,needs_domain,ai_extracted high-confidence — promote candidate pending DOMAIN review,3,0,
/Users/martin/Documents/tebiq-rc-sprint/docs/fact-cards/houjin-touki-overview.md,houjin-touki-overview,ai_extracted,medium,medium,official,ai_bulk_2026_05_17,needs_domain,ai_extracted + low/medium confidence — pending DOMAIN review,3,0,
/Users/martin/Documents/tebiq-rc-sprint/docs/fact-cards/ikuji-kyugyo-shotoku-67.md,ikuji-kyugyo-shotoku-67,ai_extracted,low,high,official,ai_bulk_2026_05_17,needs_domain,ai_extracted high-confidence — promote candidate pending DOMAIN review,3,0,
/Users/martin/Documents/tebiq-rc-sprint/docs/fact-cards/ikuji-sangyo-kyugyo-zairyu.md,ikuji-sangyo-kyugyo-zairyu,ai_verified,high,high,official,human_curated_early,runtime_eligible,ai_verified + official + factual + not deep-water + risk<critical,9,0,
/Users/martin/Documents/tebiq-rc-sprint/docs/fact-cards/ikusei-shuroh-overview.md,ikusei-shuroh-overview,ai_extracted,medium,medium,official,ai_bulk_2026_05_17,needs_domain,ai_extracted + low/medium confidence — pending DOMAIN review,3,0,
/Users/martin/Documents/tebiq-rc-sprint/docs/fact-cards/ikusei-shuroh-seido.md,ikusei-shuroh-seido,ai_verified,high,high,official,human_curated_early,runtime_eligible,ai_verified + official + factual + not deep-water + risk<critical,7,0,
/Users/martin/Documents/tebiq-rc-sprint/docs/fact-cards/iryouhi-kojo-200000.md,iryouhi-kojo-200000,ai_extracted,low,high,official,ai_bulk_2026_05_17,needs_domain,ai_extracted high-confidence — promote candidate pending DOMAIN review,3,0,
/Users/martin/Documents/tebiq-rc-sprint/docs/fact-cards/jfind-tokutei-katsudou.md,jfind-tokutei-katsudou,ai_extracted,medium,medium,official,ai_bulk_2026_05_17,needs_domain,ai_extracted + low/medium confidence — pending DOMAIN review,3,0,
/Users/martin/Documents/tebiq-rc-sprint/docs/fact-cards/jidou-teate-gaikokujin.md,jidou-teate-gaikokujin,ai_verified,low,high,official,human_curated_early,runtime_eligible,ai_verified + official + factual + not deep-water + risk<critical,5,0,
/Users/martin/Documents/tebiq-rc-sprint/docs/fact-cards/jidou-teate-overview.md,jidou-teate-overview,ai_extracted,low,high,official,ai_bulk_2026_05_17,needs_domain,ai_extracted high-confidence — promote candidate pending DOMAIN review,3,0,
/Users/martin/Documents/tebiq-rc-sprint/docs/fact-cards/jukyochi-90days-torikeshi.md,jukyochi-90days-torikeshi,ai_extracted,high,high,official,ai_bulk_2026_05_17,needs_domain,deep-water family slug/keyword,3,0,
/Users/martin/Documents/tebiq-rc-sprint/docs/fact-cards/jukyochi-mynumber-renke-juminhyo.md,jukyochi-mynumber-renke-juminhyo,ai_extracted,low,high,official,ai_bulk_2026_05_17,needs_domain,ai_extracted high-confidence — promote candidate pending DOMAIN review,3,0,
/Users/martin/Documents/tebiq-rc-sprint/docs/fact-cards/jukyochi-todokede-14days.md,jukyochi-todokede-14days,ai_extracted,high,high,official,ai_bulk_2026_05_17,l5_eligible,slug matches L5 signal 'todoke',4,0,
/Users/martin/Documents/tebiq-rc-sprint/docs/fact-cards/jumin-zei-gaiyo.md,jumin-zei-gaiyo,ai_verified,medium,high,official,human_curated_early,runtime_eligible,ai_verified + official + factual + not deep-water + risk<critical,0,0,
/Users/martin/Documents/tebiq-rc-sprint/docs/fact-cards/jumin-zei-jan1-criterion.md,jumin-zei-jan1-criterion,ai_extracted,medium,high,official,ai_bulk_2026_05_17,needs_domain,ai_extracted high-confidence — promote candidate pending DOMAIN review,3,0,
/Users/martin/Documents/tebiq-rc-sprint/docs/fact-cards/jumin-zei-no-shukyou-3types.md,jumin-zei-no-shukyou-3types,ai_extracted,low,high,official,ai_bulk_2026_05_17,needs_domain,ai_extracted high-confidence — promote candidate pending DOMAIN review,3,0,
/Users/martin/Documents/tebiq-rc-sprint/docs/fact-cards/jumin-zei-shutsukoku.md,jumin-zei-shutsukoku,ai_verified,high,high,official,human_curated_early,needs_domain,primary official URL DEAD (https://www.soumu.go.jp/main_sosiki/jichi_gyousei/c-zaisei/czaisei_4.html); needs FACT URL refresh,5,5,
/Users/martin/Documents/tebiq-rc-sprint/docs/fact-cards/juminzei-kazei-shomeisho.md,juminzei-kazei-shomeisho,ai_verified,medium,medium,official,human_curated_early,runtime_eligible,ai_verified + official + factual + not deep-water + risk<critical,7,0,
/Users/martin/Documents/tebiq-rc-sprint/docs/fact-cards/jutaku-loan-kojyo-overview.md,jutaku-loan-kojyo-overview,ai_extracted,low,high,official,ai_bulk_2026_05_17,needs_domain,ai_extracted high-confidence — promote candidate pending DOMAIN review,3,0,
/Users/martin/Documents/tebiq-rc-sprint/docs/fact-cards/jutaku-shikikin-rekkin-shuukan.md,jutaku-shikikin-rekkin-shuukan,ai_extracted,low,medium,official,ai_bulk_2026_05_17,needs_domain,ai_extracted + low/medium confidence — pending DOMAIN review,3,0,
/Users/martin/Documents/tebiq-rc-sprint/docs/fact-cards/jyumin-hyo-gaijin.md,jyumin-hyo-gaijin,ai_verified,medium,high,official,human_curated_early,needs_domain,primary official URL DEAD (https://www.soumu.go.jp/main_sosiki/jichi_gyousei/daityo/gaikokujin.html); needs FACT URL refresh,5,5,
/Users/martin/Documents/tebiq-rc-sprint/docs/fact-cards/kaigo-hoken-40-65.md,kaigo-hoken-40-65,ai_extracted,low,high,official,ai_bulk_2026_05_17,needs_domain,ai_extracted high-confidence — promote candidate pending DOMAIN review,3,0,
/Users/martin/Documents/tebiq-rc-sprint/docs/fact-cards/kaigo-hoken-day1-after-40.md,kaigo-hoken-day1-after-40,ai_extracted,low,medium,official,ai_bulk_2026_05_17,needs_domain,ai_extracted + low/medium confidence — pending DOMAIN review,3,0,
/Users/martin/Documents/tebiq-rc-sprint/docs/fact-cards/kaigo-hoken-gaijin.md,kaigo-hoken-gaijin,ai_verified,medium,high,official,human_curated_early,runtime_eligible,ai_verified + official + factual + not deep-water + risk<critical,5,0,
/Users/martin/Documents/tebiq-rc-sprint/docs/fact-cards/kaiko-yokoku-30days.md,kaiko-yokoku-30days,ai_extracted,medium,high,official,ai_bulk_2026_05_17,needs_domain,ai_extracted high-confidence — promote candidate pending DOMAIN review,3,3,
/Users/martin/Documents/tebiq-rc-sprint/docs/fact-cards/kakkoukin-mortgage-foreigner.md,kakkoukin-mortgage-foreigner,ai_extracted,medium,medium,official,ai_bulk_2026_05_17,needs_domain,ai_extracted + low/medium confidence — pending DOMAIN review,3,0,
/Users/martin/Documents/tebiq-rc-sprint/docs/fact-cards/kakutei-shinkoku-deadline-march15.md,kakutei-shinkoku-deadline-march15,ai_extracted,high,high,official,ai_bulk_2026_05_17,needs_domain,ai_extracted high-confidence — promote candidate pending DOMAIN review,4,0,
/Users/martin/Documents/tebiq-rc-sprint/docs/fact-cards/kakutei-shinkoku-gijmu.md,kakutei-shinkoku-gijmu,ai_verified,medium,high,official,human_curated_early,runtime_eligible,ai_verified + official + factual + not deep-water + risk<critical,5,0,
/Users/martin/Documents/tebiq-rc-sprint/docs/fact-cards/kazoku-shanzaihon-imin.md,kazoku-shanzaihon-imin,ai_extracted,high,high,official,ai_bulk_2026_05_17,needs_domain,ai_extracted high-confidence — promote candidate pending DOMAIN review,3,0,
/Users/martin/Documents/tebiq-rc-sprint/docs/fact-cards/kazoku-taizai-henko.md,kazoku-taizai-henko,ai_extracted,high,medium,official,human_curated_early,needs_domain,deep-water family slug/keyword,5,0,
/Users/martin/Documents/tebiq-rc-sprint/docs/fact-cards/kazoku-taizai-shotoku-280.md,kazoku-taizai-shotoku-280,ai_extracted,high,low,official,ai_bulk_2026_05_17,needs_domain,ai_extracted + low/medium confidence — pending DOMAIN review,3,0,
/Users/martin/Documents/tebiq-rc-sprint/docs/fact-cards/kazoku-taizai-shussan-shutoku.md,kazoku-taizai-shussan-shutoku,ai_extracted,high,medium,official,ai_bulk_2026_05_17,needs_domain,ai_extracted + low/medium confidence — pending DOMAIN review,3,0,
/Users/martin/Documents/tebiq-rc-sprint/docs/fact-cards/kazoku-taizai-target-status.md,kazoku-taizai-target-status,ai_extracted,medium,high,official,ai_bulk_2026_05_17,needs_domain,ai_extracted high-confidence — promote candidate pending DOMAIN review,3,0,
/Users/martin/Documents/tebiq-rc-sprint/docs/fact-cards/kazoku-taizai-yoken.md,kazoku-taizai-yoken,ai_verified,high,high,official,human_curated_early,needs_domain,ai_verified but contains ai_inference/strategy language,5,0,
/Users/martin/Documents/tebiq-rc-sprint/docs/fact-cards/kazoku-taizai-zairyu-period.md,kazoku-taizai-zairyu-period,ai_extracted,medium,high,official,ai_bulk_2026_05_17,needs_domain,ai_extracted high-confidence — promote candidate pending DOMAIN review,3,0,
/Users/martin/Documents/tebiq-rc-sprint/docs/fact-cards/kazoku-yobi-naitei-haigusha.md,kazoku-yobi-naitei-haigusha,ai_extracted,medium,medium,official,ai_bulk_2026_05_17,needs_domain,deep-water family slug/keyword,3,0,
/Users/martin/Documents/tebiq-rc-sprint/docs/fact-cards/kazoku-yobi-yose-shorui.md,kazoku-yobi-yose-shorui,ai_extracted,medium,high,official,ai_bulk_2026_05_17,needs_domain,ai_extracted high-confidence — promote candidate pending DOMAIN review,3,0,
/Users/martin/Documents/tebiq-rc-sprint/docs/fact-cards/kazoku-yobi-yose.md,kazoku-yobi-yose,ai_verified,high,high,official,human_curated_early,runtime_eligible,ai_verified + official + factual + not deep-water + risk<critical,5,0,
/Users/martin/Documents/tebiq-rc-sprint/docs/fact-cards/keiei-kanri-2025-10.md,keiei-kanri-2025-10,human_reviewed,critical,high,official,human_curated_early,needs_domain,deep-water family slug/keyword,7,0,
/Users/martin/Documents/tebiq-rc-sprint/docs/fact-cards/keiei-kanri-2025-4-requirements.md,keiei-kanri-2025-4-requirements,ai_extracted,high,high,official,ai_bulk_2026_05_17,needs_domain,deep-water family slug/keyword,3,0,
/Users/martin/Documents/tebiq-rc-sprint/docs/fact-cards/keiei-kanri-capital-asset-3000man-criterion.md,keiei-kanri-capital-asset-3000man-criterion,ai_extracted,high,medium,official,human_curated_early,guardrail_eligible,production_disposition=guardrail_only,3,0,
/Users/martin/Documents/tebiq-rc-sprint/docs/fact-cards/keiei-kanri-existing-3year-transition.md,keiei-kanri-existing-3year-transition,ai_extracted,high,high,official,ai_bulk_2026_05_17,needs_domain,deep-water family slug/keyword,3,0,
/Users/martin/Documents/tebiq-rc-sprint/docs/fact-cards/keiei-kanri-existing-holder-update.md,keiei-kanri-existing-holder-update,human_reviewed,high,high,official,human_curated_early,needs_domain,deep-water family slug/keyword,5,0,
/Users/martin/Documents/tebiq-rc-sprint/docs/fact-cards/keiei-kanri-jimu-bessho-requirement.md,keiei-kanri-jimu-bessho-requirement,ai_extracted,high,medium,official,ai_bulk_2026_05_17,needs_domain,deep-water family slug/keyword,3,0,
/Users/martin/Documents/tebiq-rc-sprint/docs/fact-cards/kekkon-todoke-procedure.md,kekkon-todoke-procedure,ai_extracted,medium,high,official,ai_bulk_2026_05_17,l5_eligible,slug matches L5 signal 'todoke',3,0,
/Users/martin/Documents/tebiq-rc-sprint/docs/fact-cards/kenkyu-kyouiku-visa.md,kenkyu-kyouiku-visa,ai_verified,high,high,official,human_curated_early,runtime_eligible,ai_verified + official + factual + not deep-water + risk<critical,7,0,
/Users/martin/Documents/tebiq-rc-sprint/docs/fact-cards/kenpo-hifuyousha.md,kenpo-hifuyousha,ai_verified,medium,high,official,human_curated_early,needs_domain,primary official URL DEAD (https://www.nenkin.go.jp/service/kounen/hihokensha/20150407.html); needs FACT URL refresh,5,5,
/Users/martin/Documents/tebiq-rc-sprint/docs/fact-cards/kenpo-kizubyou-teate.md,kenpo-kizubyou-teate,ai_verified,low,high,official,human_curated_early,stale_or_reject,kyoukaikenpo URL 404 per audit,4,1,
/Users/martin/Documents/tebiq-rc-sprint/docs/fact-cards/kibyou-teate-3day-byouki.md,kibyou-teate-3day-byouki,ai_extracted,low,high,official,ai_bulk_2026_05_17,needs_domain,ai_extracted high-confidence — promote candidate pending DOMAIN review,3,0,
/Users/martin/Documents/tebiq-rc-sprint/docs/fact-cards/kihaku-shippai-saido-strategy.md,kihaku-shippai-saido-strategy,ai_extracted,high,medium,official,ai_bulk_2026_05_17,needs_domain,ai_extracted + low/medium confidence — pending DOMAIN review,3,0,
/Users/martin/Documents/tebiq-rc-sprint/docs/fact-cards/kika-6-conditions.md,kika-6-conditions,ai_extracted,high,high,official,ai_bulk_2026_05_17,needs_domain,ai_extracted high-confidence — promote candidate pending DOMAIN review,3,0,
/Users/martin/Documents/tebiq-rc-sprint/docs/fact-cards/kika-documents-list.md,kika-documents-list,ai_extracted,medium,high,official,ai_bulk_2026_05_17,needs_domain,ai_extracted high-confidence — promote candidate pending DOMAIN review,3,0,
/Users/martin/Documents/tebiq-rc-sprint/docs/fact-cards/kika-shinsei.md,kika-shinsei,ai_verified,high,high,official,human_curated_early,runtime_eligible,ai_verified + official + factual + not deep-water + risk<critical,5,0,
/Users/martin/Documents/tebiq-rc-sprint/docs/fact-cards/kitaku-tetsuzuki.md,kitaku-tetsuzuki,ai_verified,high,high,official,human_curated_early,runtime_eligible,ai_verified + official + factual + not deep-water + risk<critical,5,0,
/Users/martin/Documents/tebiq-rc-sprint/docs/fact-cards/kobun-jutaku-jutsu-kushu.md,kobun-jutaku-jutsu-kushu,ai_extracted,low,medium,official,ai_bulk_2026_05_17,needs_domain,ai_extracted + low/medium confidence — pending DOMAIN review,3,0,
/Users/martin/Documents/tebiq-rc-sprint/docs/fact-cards/kodo-senmon-70-points-eijuu-3years.md,kodo-senmon-70-points-eijuu-3years,ai_extracted,high,high,official,ai_bulk_2026_05_17,needs_domain,ai_extracted high-confidence — promote candidate pending DOMAIN review,3,3,
/Users/martin/Documents/tebiq-rc-sprint/docs/fact-cards/kodo-senmon-shoku-1go-to-2go.md,kodo-senmon-shoku-1go-to-2go,ai_extracted,high,medium,official,ai_bulk_2026_05_17,needs_domain,deep-water family slug/keyword,3,3,
/Users/martin/Documents/tebiq-rc-sprint/docs/fact-cards/kodo-senmon-shoku-eijuu.md,kodo-senmon-shoku-eijuu,ai_verified,high,high,official,human_curated_early,needs_domain,deep-water family slug/keyword,5,0,
/Users/martin/Documents/tebiq-rc-sprint/docs/fact-cards/kodo-senmon-shoku-points.md,kodo-senmon-shoku-points,ai_verified,high,high,official,human_curated_early,needs_domain,deep-water family slug/keyword,5,0,
/Users/martin/Documents/tebiq-rc-sprint/docs/fact-cards/kodomo-gakko-nyugaku.md,kodomo-gakko-nyugaku,ai_verified,medium,high,official,human_curated_early,runtime_eligible,ai_verified + official + factual + not deep-water + risk<critical,5,0,
/Users/martin/Documents/tebiq-rc-sprint/docs/fact-cards/kodomo-zairyu-shinsei.md,kodomo-zairyu-shinsei,ai_verified,high,high,official,human_curated_early,runtime_eligible,ai_verified + official + factual + not deep-water + risk<critical,7,0,
/Users/martin/Documents/tebiq-rc-sprint/docs/fact-cards/kogaku-iryo-foreigner-resident.md,kogaku-iryo-foreigner-resident,ai_extracted,low,high,official,ai_bulk_2026_05_17,needs_domain,ai_extracted high-confidence — promote candidate pending DOMAIN review,3,0,
/Users/martin/Documents/tebiq-rc-sprint/docs/fact-cards/kogaku-ryoyo-hi-self-pay.md,kogaku-ryoyo-hi-self-pay,ai_extracted,low,high,official,ai_bulk_2026_05_17,needs_domain,ai_extracted high-confidence — promote candidate pending DOMAIN review,3,0,
/Users/martin/Documents/tebiq-rc-sprint/docs/fact-cards/kogaku-ryoyo-hi.md,kogaku-ryoyo-hi,ai_verified,medium,high,official,human_curated_early,runtime_eligible,ai_verified + official + factual + not deep-water + risk<critical,5,0,
/Users/martin/Documents/tebiq-rc-sprint/docs/fact-cards/kokuho-shutoku-shoumei-2years.md,kokuho-shutoku-shoumei-2years,ai_extracted,medium,high,official,ai_bulk_2026_05_17,needs_domain,ai_extracted high-confidence — promote candidate pending DOMAIN review,3,0,
/Users/martin/Documents/tebiq-rc-sprint/docs/fact-cards/kokumin-kenko-hoken-14days.md,kokumin-kenko-hoken-14days,ai_extracted,high,medium,official,ai_bulk_2026_05_17,needs_domain,ai_extracted + low/medium confidence — pending DOMAIN review,3,0,
/Users/martin/Documents/tebiq-rc-sprint/docs/fact-cards/kokumin-kenko-hoken-kanyu.md,kokumin-kenko-hoken-kanyu,ai_verified,medium,high,official,human_curated_early,runtime_eligible,ai_verified + official + factual + not deep-water + risk<critical,7,0,
/Users/martin/Documents/tebiq-rc-sprint/docs/fact-cards/kokumin-nenkin-14days.md,kokumin-nenkin-14days,ai_extracted,high,high,official,ai_bulk_2026_05_17,needs_domain,ai_extracted high-confidence — promote candidate pending DOMAIN review,3,0,
/Users/martin/Documents/tebiq-rc-sprint/docs/fact-cards/kokumin-nenkin-menjo.md,kokumin-nenkin-menjo,ai_verified,low,high,official,human_curated_early,runtime_eligible,ai_verified + official + factual + not deep-water + risk<critical,5,0,
/Users/martin/Documents/tebiq-rc-sprint/docs/fact-cards/kosodate-ichijikin.md,kosodate-ichijikin,ai_verified,low,high,official,human_curated_early,runtime_eligible,ai_verified + official + factual + not deep-water + risk<critical,5,0,
/Users/martin/Documents/tebiq-rc-sprint/docs/fact-cards/koukou-mukyo-shogakukin.md,koukou-mukyo-shogakukin,ai_extracted,low,medium,official,ai_bulk_2026_05_17,needs_domain,ai_extracted + low/medium confidence — pending DOMAIN review,3,0,
/Users/martin/Documents/tebiq-rc-sprint/docs/fact-cards/koushin-shinsei-fee-6000.md,koushin-shinsei-fee-6000,ai_extracted,low,high,official,ai_bulk_2026_05_17,needs_domain,ai_extracted high-confidence — promote candidate pending DOMAIN review,3,0,
/Users/martin/Documents/tebiq-rc-sprint/docs/fact-cards/koyo-hoken-31days-20hours.md,koyo-hoken-31days-20hours,ai_extracted,medium,high,official,ai_bulk_2026_05_17,needs_domain,ai_extracted high-confidence — promote candidate pending DOMAIN review,3,0,
/Users/martin/Documents/tebiq-rc-sprint/docs/fact-cards/koyo-hoken-kanyu-gijmu.md,koyo-hoken-kanyu-gijmu,ai_verified,high,high,official,human_curated_early,runtime_eligible,ai_verified + official + factual + not deep-water + risk<critical,7,0,
/Users/martin/Documents/tebiq-rc-sprint/docs/fact-cards/koyo-hoken-kihon-teate-12months.md,koyo-hoken-kihon-teate-12months,ai_extracted,medium,high,official,ai_bulk_2026_05_17,needs_domain,ai_extracted high-confidence — promote candidate pending DOMAIN review,3,0,
/Users/martin/Documents/tebiq-rc-sprint/docs/fact-cards/koyo-hoken-kyufu.md,koyo-hoken-kyufu,ai_verified,medium,high,official,human_curated_early,runtime_eligible,ai_verified + official + factual + not deep-water + risk<critical,7,0,
/Users/martin/Documents/tebiq-rc-sprint/docs/fact-cards/koyo-todokede-mhlw.md,koyo-todokede-mhlw,ai_extracted,medium,high,official,ai_bulk_2026_05_17,l5_eligible,slug matches L5 signal 'todoke',3,0,
/Users/martin/Documents/tebiq-rc-sprint/docs/fact-cards/koyou-keiyaku-rouken-tsuchi.md,koyou-keiyaku-rouken-tsuchi,ai_extracted,medium,high,official,ai_bulk_2026_05_17,needs_domain,ai_extracted high-confidence — promote candidate pending DOMAIN review,3,3,
/Users/martin/Documents/tebiq-rc-sprint/docs/fact-cards/kyoiku-visa-overview.md,kyoiku-visa-overview,ai_extracted,low,high,official,ai_bulk_2026_05_17,needs_domain,ai_extracted high-confidence — promote candidate pending DOMAIN review,3,0,
/Users/martin/Documents/tebiq-rc-sprint/docs/fact-cards/kyojusha-hantei-183.md,kyojusha-hantei-183,ai_verified,high,high,official,human_curated_early,runtime_eligible,ai_verified + official + factual + not deep-water + risk<critical,5,0,
/Users/martin/Documents/tebiq-rc-sprint/docs/fact-cards/kyojusha-kubun-kazei.md,kyojusha-kubun-kazei,ai_verified,medium,high,official,human_curated_early,runtime_eligible,ai_verified + official + factual + not deep-water + risk<critical,5,0,
/Users/martin/Documents/tebiq-rc-sprint/docs/fact-cards/kyuryo-kojo-naiwake.md,kyuryo-kojo-naiwake,ai_verified,low,high,official,human_curated_early,runtime_eligible,ai_verified + official + factual + not deep-water + risk<critical,5,0,
/Users/martin/Documents/tebiq-rc-sprint/docs/fact-cards/maina-hoken-2024-12.md,maina-hoken-2024-12,ai_extracted,low,high,official,ai_bulk_2026_05_17,needs_domain,ai_extracted high-confidence — promote candidate pending DOMAIN review,3,0,
/Users/martin/Documents/tebiq-rc-sprint/docs/fact-cards/mainaroka-kenkou-hoken.md,mainaroka-kenkou-hoken,ai_verified,high,high,official,human_curated_early,runtime_eligible,ai_verified + official + factual + not deep-water + risk<critical,5,0,
/Users/martin/Documents/tebiq-rc-sprint/docs/fact-cards/miharaishinkin.md,miharaishinkin,ai_verified,medium,high,official,human_curated_early,needs_domain,primary official URL DEAD (https://www.mhlw.go.jp/stf/seisakunitsuite/bunya/koyou_roudou/roudoukijun/zigyonushi/index.html); needs FACT URL refresh,5,5,
/Users/martin/Documents/tebiq-rc-sprint/docs/fact-cards/minashi-sainyuukoku.md,minashi-sainyuukoku,ai_extracted,critical,medium,official,human_curated_early,needs_domain,deep-water family slug/keyword,5,0,
/Users/martin/Documents/tebiq-rc-sprint/docs/fact-cards/mynumber-card-application.md,mynumber-card-application,ai_extracted,low,high,official,ai_bulk_2026_05_17,needs_domain,ai_extracted high-confidence — promote candidate pending DOMAIN review,3,0,
/Users/martin/Documents/tebiq-rc-sprint/docs/fact-cards/mynumber-gaikokujin.md,mynumber-gaikokujin,ai_verified,low,high,official,human_curated_early,runtime_eligible,ai_verified + official + factual + not deep-water + risk<critical,7,0,
/Users/martin/Documents/tebiq-rc-sprint/docs/fact-cards/nen-matsu-chosei.md,nen-matsu-chosei,ai_verified,low,high,official,human_curated_early,runtime_eligible,ai_verified + official + factual + not deep-water + risk<critical,5,0,
/Users/martin/Documents/tebiq-rc-sprint/docs/fact-cards/nenkin-dattai-ichijikin.md,nenkin-dattai-ichijikin,ai_verified,low,high,official,human_curated_early,runtime_eligible,ai_verified + official + factual + not deep-water + risk<critical,5,0,
/Users/martin/Documents/tebiq-rc-sprint/docs/fact-cards/nenkin-tsuinou-10years.md,nenkin-tsuinou-10years,ai_extracted,high,medium,official,ai_bulk_2026_05_17,needs_domain,ai_extracted + low/medium confidence — pending DOMAIN review,3,0,
/Users/martin/Documents/tebiq-rc-sprint/docs/fact-cards/nihongo-gakko-ryugaku.md,nihongo-gakko-ryugaku,ai_verified,medium,high,official,human_curated_early,runtime_eligible,ai_verified + official + factual + not deep-water + risk<critical,5,0,
/Users/martin/Documents/tebiq-rc-sprint/docs/fact-cards/nihonjin-haigusha-divorce-teijusha.md,nihonjin-haigusha-divorce-teijusha,ai_extracted,high,medium,official,ai_bulk_2026_05_17,needs_domain,deep-water family slug/keyword,4,0,
/Users/martin/Documents/tebiq-rc-sprint/docs/fact-cards/nihonjin-haigusha-visa.md,nihonjin-haigusha-visa,ai_extracted,high,medium,official,human_curated_early,needs_domain,deep-water family slug/keyword,5,0,
/Users/martin/Documents/tebiq-rc-sprint/docs/fact-cards/nin-i-keizoku-20days.md,nin-i-keizoku-20days,ai_extracted,medium,high,official,ai_bulk_2026_05_17,needs_domain,ai_extracted high-confidence — promote candidate pending DOMAIN review,3,0,
/Users/martin/Documents/tebiq-rc-sprint/docs/fact-cards/nyukoku-kyohi-jiyu.md,nyukoku-kyohi-jiyu,ai_extracted,high,high,official,ai_bulk_2026_05_17,needs_domain,ai_extracted high-confidence — promote candidate pending DOMAIN review,3,0,
/Users/martin/Documents/tebiq-rc-sprint/docs/fact-cards/nyukoku-kyohi.md,nyukoku-kyohi,ai_verified,high,high,official,human_curated_early,needs_domain,primary official URL DEAD (https://www.moj.go.jp/isa/applications/procedures/nyuukokukanri07_00121.html); needs FACT URL refresh,5,5,
/Users/martin/Documents/tebiq-rc-sprint/docs/fact-cards/online-zairyu-card-uketori.md,online-zairyu-card-uketori,ai_extracted,low,medium,official,ai_bulk_2026_05_17,needs_domain,ai_extracted + low/medium confidence — pending DOMAIN review,3,0,
/Users/martin/Documents/tebiq-rc-sprint/docs/fact-cards/overstay-self-report-route.md,overstay-self-report-route,ai_extracted,high,medium,official,ai_bulk_2026_05_17,needs_domain,deep-water family slug/keyword,3,0,
/Users/martin/Documents/tebiq-rc-sprint/docs/fact-cards/overstay-taisho.md,overstay-taisho,ai_extracted,critical,medium,official,human_curated_early,needs_domain,deep-water family slug/keyword,7,0,
/Users/martin/Documents/tebiq-rc-sprint/docs/fact-cards/rikon-todoke-procedure.md,rikon-todoke-procedure,ai_extracted,high,high,official,ai_bulk_2026_05_17,l5_eligible,slug matches L5 signal 'todoke',3,0,
/Users/martin/Documents/tebiq-rc-sprint/docs/fact-cards/rishoku-kenko-hoken.md,rishoku-kenko-hoken,ai_verified,medium,high,official,human_curated_early,runtime_eligible,ai_verified + official + factual + not deep-water + risk<critical,5,0,
/Users/martin/Documents/tebiq-rc-sprint/docs/fact-cards/rishoku-kokumin-nenkin-kirikae.md,rishoku-kokumin-nenkin-kirikae,ai_verified,medium,high,official,human_curated_early,runtime_eligible,ai_verified + official + factual + not deep-water + risk<critical,5,0,
/Users/martin/Documents/tebiq-rc-sprint/docs/fact-cards/rousai-hoken-foreign-worker.md,rousai-hoken-foreign-worker,ai_extracted,low,high,official,ai_bulk_2026_05_17,needs_domain,ai_extracted high-confidence — promote candidate pending DOMAIN review,3,3,
/Users/martin/Documents/tebiq-rc-sprint/docs/fact-cards/rousai-hoken-gaikokujin.md,rousai-hoken-gaikokujin,ai_verified,medium,high,official,human_curated_early,needs_domain,primary official URL DEAD (https://www.mhlw.go.jp/stf/seisakunitsuite/bunya/koyou_roudou/roudoukijun/rousaihoken/index.html); needs FACT URL refresh,5,5,
/Users/martin/Documents/tebiq-rc-sprint/docs/fact-cards/ryugaku-gijinkoku-henko.md,ryugaku-gijinkoku-henko,ai_verified,high,medium,official,human_curated_early,runtime_eligible,ai_verified + official + factual + not deep-water + risk<critical,7,0,
/Users/martin/Documents/tebiq-rc-sprint/docs/fact-cards/ryugaku-kishu-katsudo-tokkatsu.md,ryugaku-kishu-katsudo-tokkatsu,ai_extracted,medium,high,official,ai_bulk_2026_05_17,needs_domain,ai_extracted high-confidence — promote candidate pending DOMAIN review,3,0,
/Users/martin/Documents/tebiq-rc-sprint/docs/fact-cards/ryugaku-koushin-shutsusekiRitsu.md,ryugaku-koushin-shutsusekiRitsu,ai_verified,high,high,official,human_curated_early,runtime_eligible,ai_verified + official + factual + not deep-water + risk<critical,5,0,
/Users/martin/Documents/tebiq-rc-sprint/docs/fact-cards/ryugaku-naitei-tokutei-katsudou.md,ryugaku-naitei-tokutei-katsudou,ai_extracted,medium,high,official,ai_bulk_2026_05_17,needs_domain,ai_extracted high-confidence — promote candidate pending DOMAIN review,3,0,
/Users/martin/Documents/tebiq-rc-sprint/docs/fact-cards/ryugaku-shikakugai-individual-permission.md,ryugaku-shikakugai-individual-permission,ai_extracted,medium,high,official,ai_bulk_2026_05_17,needs_domain,deep-water family slug/keyword,3,0,
/Users/martin/Documents/tebiq-rc-sprint/docs/fact-cards/ryugaku-shusseki-ritsu-80.md,ryugaku-shusseki-ritsu-80,ai_extracted,high,medium,official,ai_bulk_2026_05_17,needs_domain,ai_extracted + low/medium confidence — pending DOMAIN review,3,0,
/Users/martin/Documents/tebiq-rc-sprint/docs/fact-cards/ryugakusei-baito-28jikan.md,ryugakusei-baito-28jikan,ai_verified,high,high,official,human_curated_early,runtime_eligible,ai_verified + official + factual + not deep-water + risk<critical,5,0,
/Users/martin/Documents/tebiq-rc-sprint/docs/fact-cards/ryuugaku-nenkin-tokurei.md,ryuugaku-nenkin-tokurei,ai_extracted,low,high,official,ai_bulk_2026_05_17,needs_domain,deep-water family slug/keyword,3,0,
/Users/martin/Documents/tebiq-rc-sprint/docs/fact-cards/sainyukoku-kyoka.md,sainyukoku-kyoka,ai_verified,high,high,official,human_curated_early,needs_domain,URL mis-match per audit,5,1,
/Users/martin/Documents/tebiq-rc-sprint/docs/fact-cards/saitei-chingin-gaikokujin.md,saitei-chingin-gaikokujin,ai_verified,high,high,official,human_curated_early,runtime_eligible,ai_verified + official + factual + not deep-water + risk<critical,5,0,
/Users/martin/Documents/tebiq-rc-sprint/docs/fact-cards/saiteichingin-2026.md,saiteichingin-2026,ai_extracted,medium,high,official,ai_bulk_2026_05_17,needs_domain,ai_extracted high-confidence — promote candidate pending DOMAIN review,3,0,
/Users/martin/Documents/tebiq-rc-sprint/docs/fact-cards/saiyuukoku-kyoka-1year-5year.md,saiyuukoku-kyoka-1year-5year,ai_extracted,high,high,official,ai_bulk_2026_05_17,needs_domain,ai_extracted high-confidence — promote candidate pending DOMAIN review,3,0,
/Users/martin/Documents/tebiq-rc-sprint/docs/fact-cards/sangyou-gakuei-naniwakai-tetsuzuki.md,sangyou-gakuei-naniwakai-tetsuzuki,ai_extracted,low,medium,official,ai_bulk_2026_05_17,needs_domain,ai_extracted + low/medium confidence — pending DOMAIN review,3,0,
/Users/martin/Documents/tebiq-rc-sprint/docs/fact-cards/shakai-hoken-kanyu.md,shakai-hoken-kanyu,ai_verified,high,high,official,human_curated_early,runtime_eligible,ai_verified + official + factual + not deep-water + risk<critical,5,0,
/Users/martin/Documents/tebiq-rc-sprint/docs/fact-cards/shakai-hoken-kyotei-bilateral.md,shakai-hoken-kyotei-bilateral,ai_extracted,medium,medium,official,ai_bulk_2026_05_17,needs_domain,ai_extracted + low/medium confidence — pending DOMAIN review,3,0,
/Users/martin/Documents/tebiq-rc-sprint/docs/fact-cards/shakaihoken-kyotei.md,shakaihoken-kyotei,ai_verified,medium,high,official,human_curated_early,runtime_eligible,ai_verified + official + factual + not deep-water + risk<critical,5,0,
/Users/martin/Documents/tebiq-rc-sprint/docs/fact-cards/shibo-todoke-7days.md,shibo-todoke-7days,ai_extracted,medium,high,official,ai_bulk_2026_05_17,l5_eligible,slug matches L5 signal 'todoke',3,0,
/Users/martin/Documents/tebiq-rc-sprint/docs/fact-cards/shikakugai-30jikan-rural.md,shikakugai-30jikan-rural,ai_extracted,high,high,official,ai_bulk_2026_05_17,needs_domain,deep-water family slug/keyword,3,0,
/Users/martin/Documents/tebiq-rc-sprint/docs/fact-cards/shikakugai-fukugyou.md,shikakugai-fukugyou,human_reviewed,high,high,official,human_curated_early,needs_domain,deep-water family slug/keyword,6,0,
/Users/martin/Documents/tebiq-rc-sprint/docs/fact-cards/shinseichu-zairyu-keizoku.md,shinseichu-zairyu-keizoku,ai_verified,high,high,official,human_curated_early,runtime_eligible,ai_verified + official + factual + not deep-water + risk<critical,5,0,
/Users/martin/Documents/tebiq-rc-sprint/docs/fact-cards/shitsugyo-zairyu-risk.md,shitsugyo-zairyu-risk,ai_verified,high,high,official,human_curated_early,runtime_eligible,ai_verified + official + factual + not deep-water + risk<critical,10,0,
/Users/martin/Documents/tebiq-rc-sprint/docs/fact-cards/shitsugyou-gijinkoku-3months.md,shitsugyou-gijinkoku-3months,ai_extracted,high,medium,official,ai_bulk_2026_05_17,needs_domain,ai_extracted + low/medium confidence — pending DOMAIN review,3,0,
/Users/martin/Documents/tebiq-rc-sprint/docs/fact-cards/shotoku-kojo.md,shotoku-kojo,ai_verified,low,high,official,human_curated_early,needs_domain,primary official URL DEAD (https://www.nta.go.jp/taxes/shiraberu/taxanswer/shotoku/shoto320.htm); needs FACT URL refresh,5,5,
/Users/martin/Documents/tebiq-rc-sprint/docs/fact-cards/shougai-nenkin-overview.md,shougai-nenkin-overview,ai_extracted,medium,medium,official,ai_bulk_2026_05_17,needs_domain,ai_extracted + low/medium confidence — pending DOMAIN review,3,0,
/Users/martin/Documents/tebiq-rc-sprint/docs/fact-cards/shouhi-zei-1000man-jigyousha.md,shouhi-zei-1000man-jigyousha,ai_extracted,medium,high,official,ai_bulk_2026_05_17,needs_domain,ai_extracted high-confidence — promote candidate pending DOMAIN review,3,0,
/Users/martin/Documents/tebiq-rc-sprint/docs/fact-cards/shoukibo-jigyou-zei.md,shoukibo-jigyou-zei,ai_extracted,medium,medium,official,ai_bulk_2026_05_17,needs_domain,ai_extracted + low/medium confidence — pending DOMAIN review,3,0,
/Users/martin/Documents/tebiq-rc-sprint/docs/fact-cards/shozoku-kikan-henkou-14days.md,shozoku-kikan-henkou-14days,ai_extracted,high,high,official,ai_bulk_2026_05_17,needs_domain,ai_extracted high-confidence — promote candidate pending DOMAIN review,3,0,
/Users/martin/Documents/tebiq-rc-sprint/docs/fact-cards/shozoku-online-system-todokede.md,shozoku-online-system-todokede,ai_extracted,low,high,official,ai_bulk_2026_05_17,l5_eligible,slug matches L5 signal 'todoke',3,0,
/Users/martin/Documents/tebiq-rc-sprint/docs/fact-cards/shuro-shikaku-shomeisho.md,shuro-shikaku-shomeisho,ai_verified,low,high,official,human_curated_early,runtime_eligible,ai_verified + official + factual + not deep-water + risk<critical,5,0,
/Users/martin/Documents/tebiq-rc-sprint/docs/fact-cards/shuro-shoumeisho-fee-2000.md,shuro-shoumeisho-fee-2000,ai_extracted,medium,high,official,ai_bulk_2026_05_17,needs_domain,ai_extracted high-confidence — promote candidate pending DOMAIN review,3,0,
/Users/martin/Documents/tebiq-rc-sprint/docs/fact-cards/shussan-ichijikin-50man.md,shussan-ichijikin-50man,ai_extracted,low,high,official,ai_bulk_2026_05_17,needs_domain,ai_extracted high-confidence — promote candidate pending DOMAIN review,3,0,
/Users/martin/Documents/tebiq-rc-sprint/docs/fact-cards/shussan-teate-3day-deno.md,shussan-teate-3day-deno,ai_extracted,low,high,official,ai_bulk_2026_05_17,needs_domain,ai_extracted high-confidence — promote candidate pending DOMAIN review,3,0,
/Users/martin/Documents/tebiq-rc-sprint/docs/fact-cards/shussei-todoke-14days.md,shussei-todoke-14days,ai_extracted,medium,high,official,ai_bulk_2026_05_17,l5_eligible,slug matches L5 signal 'todoke',3,0,
/Users/martin/Documents/tebiq-rc-sprint/docs/fact-cards/spouse-divorce-separation.md,spouse-divorce-separation,human_reviewed,critical,high,official,human_curated_early,needs_domain,deep-water family slug/keyword,5,0,
/Users/martin/Documents/tebiq-rc-sprint/docs/fact-cards/startup-visa-keiei-transition.md,startup-visa-keiei-transition,ai_extracted,high,medium,official,human_curated_early,needs_domain,deep-water family slug/keyword,9,0,
/Users/martin/Documents/tebiq-rc-sprint/docs/fact-cards/startup-visa-meti-fukuoka.md,startup-visa-meti-fukuoka,ai_extracted,medium,high,official,ai_bulk_2026_05_17,needs_domain,ai_extracted high-confidence — promote candidate pending DOMAIN review,3,0,
/Users/martin/Documents/tebiq-rc-sprint/docs/fact-cards/taishoku-kin-zei.md,taishoku-kin-zei,ai_verified,medium,high,official,human_curated_early,runtime_eligible,ai_verified + official + factual + not deep-water + risk<critical,5,0,
/Users/martin/Documents/tebiq-rc-sprint/docs/fact-cards/tanki-taizai-overview.md,tanki-taizai-overview,ai_extracted,medium,high,official,ai_bulk_2026_05_17,needs_domain,ai_extracted high-confidence — promote candidate pending DOMAIN review,3,0,
/Users/martin/Documents/tebiq-rc-sprint/docs/fact-cards/tankizai-henko.md,tankizai-henko,ai_verified,high,medium,official,human_curated_early,runtime_eligible,ai_verified + official + factual + not deep-water + risk<critical,7,0,
/Users/martin/Documents/tebiq-rc-sprint/docs/fact-cards/tax-treaty-source-of-truth.md,tax-treaty-source-of-truth,ai_extracted,medium,medium,official,ai_bulk_2026_05_17,needs_domain,ai_extracted + low/medium confidence — pending DOMAIN review,3,0,
/Users/martin/Documents/tebiq-rc-sprint/docs/fact-cards/teijusha-koshikai-vs-koshigai.md,teijusha-koshikai-vs-koshigai,ai_extracted,high,medium,official,ai_bulk_2026_05_17,needs_domain,ai_extracted + low/medium confidence — pending DOMAIN review,3,0,
/Users/martin/Documents/tebiq-rc-sprint/docs/fact-cards/teijusha-visa.md,teijusha-visa,ai_verified,high,medium,official,human_curated_early,runtime_eligible,ai_verified + official + factual + not deep-water + risk<critical,5,0,
/Users/martin/Documents/tebiq-rc-sprint/docs/fact-cards/tensyoku-zairyu.md,tensyoku-zairyu,ai_verified,high,high,official,human_curated_early,runtime_eligible,ai_verified + official + factual + not deep-water + risk<critical,4,0,
/Users/martin/Documents/tebiq-rc-sprint/docs/fact-cards/tokurei-kikan-2months.md,tokurei-kikan-2months,ai_extracted,high,high,official,ai_bulk_2026_05_17,needs_domain,deep-water family slug/keyword,3,0,
/Users/martin/Documents/tebiq-rc-sprint/docs/fact-cards/tokutei-1go-5year-limit.md,tokutei-1go-5year-limit,ai_extracted,high,high,official,ai_bulk_2026_05_17,needs_domain,ai_extracted high-confidence — promote candidate pending DOMAIN review,3,0,
/Users/martin/Documents/tebiq-rc-sprint/docs/fact-cards/tokutei-ginou-1-vs-2.md,tokutei-ginou-1-vs-2,ai_extracted,high,high,official,ai_bulk_2026_05_17,needs_domain,ai_extracted high-confidence — promote candidate pending DOMAIN review,3,0,
/Users/martin/Documents/tebiq-rc-sprint/docs/fact-cards/tokutei-ginou-2go-bunya.md,tokutei-ginou-2go-bunya,ai_verified,high,high,official,human_curated_early,needs_domain,primary official URL DEAD (https://www.moj.go.jp/isa/applications/status/tokutei2.html); needs FACT URL refresh,5,5,
/Users/martin/Documents/tebiq-rc-sprint/docs/fact-cards/tokutei-ginou-haken.md,tokutei-ginou-haken,ai_verified,high,high,official,human_curated_early,needs_domain,primary official URL DEAD (https://www.moj.go.jp/isa/applications/status/tokutei1.html); needs FACT URL refresh,5,5,
/Users/martin/Documents/tebiq-rc-sprint/docs/fact-cards/tokutei-ginou-koushin.md,tokutei-ginou-koushin,ai_verified,high,high,official,human_curated_early,runtime_eligible,ai_verified + official + factual + not deep-water + risk<critical,5,0,
/Users/martin/Documents/tebiq-rc-sprint/docs/fact-cards/tokutei-ginou-shien-keikaku.md,tokutei-ginou-shien-keikaku,ai_extracted,medium,medium,official,ai_bulk_2026_05_17,needs_domain,ai_extracted + low/medium confidence — pending DOMAIN review,3,0,
/Users/martin/Documents/tebiq-rc-sprint/docs/fact-cards/tokutei-ginou-shien-kikan.md,tokutei-ginou-shien-kikan,ai_verified,medium,high,official,human_curated_early,needs_domain,primary official URL DEAD (https://www.moj.go.jp/isa/applications/status/touroku.html); needs FACT URL refresh,5,5,
/Users/martin/Documents/tebiq-rc-sprint/docs/fact-cards/tokutei-ginou-siken.md,tokutei-ginou-siken,ai_verified,high,high,official,human_curated_early,runtime_eligible,ai_verified + official + factual + not deep-water + risk<critical,5,5,
/Users/martin/Documents/tebiq-rc-sprint/docs/fact-cards/tokutei-ginou-tenshoku.md,tokutei-ginou-tenshoku,ai_extracted,high,high,official,ai_bulk_2026_05_17,needs_domain,ai_extracted high-confidence — promote candidate pending DOMAIN review,3,0,
/Users/martin/Documents/tebiq-rc-sprint/docs/fact-cards/tokutei-katsudo-17go.md,tokutei-katsudo-17go,ai_verified,medium,high,official,human_curated_early,needs_domain,primary official URL DEAD (https://www.moj.go.jp/isa/applications/status/specact02.html); needs FACT URL refresh,5,5,
/Users/martin/Documents/tebiq-rc-sprint/docs/fact-cards/tokutei-katsudo-46go.md,tokutei-katsudo-46go,ai_verified,high,high,official,human_curated_early,runtime_eligible,ai_verified + official + factual + not deep-water + risk<critical,5,0,
/Users/martin/Documents/tebiq-rc-sprint/docs/fact-cards/tokutei-katsudo-survival.md,tokutei-katsudo-survival,ai_extracted,medium,medium,official,ai_bulk_2026_05_17,needs_domain,ai_extracted + low/medium confidence — pending DOMAIN review,3,3,
/Users/martin/Documents/tebiq-rc-sprint/docs/fact-cards/tokutei-katsudou-17go.md,tokutei-katsudou-17go,ai_extracted,low,medium,official,ai_bulk_2026_05_17,needs_domain,ai_extracted + low/medium confidence — pending DOMAIN review,3,3,
/Users/martin/Documents/tebiq-rc-sprint/docs/fact-cards/tokutei-katsudou-46-target.md,tokutei-katsudou-46-target,ai_extracted,medium,high,official,ai_bulk_2026_05_17,needs_domain,ai_extracted high-confidence — promote candidate pending DOMAIN review,3,0,
/Users/martin/Documents/tebiq-rc-sprint/docs/fact-cards/tokuteiginou-ichigou-youken.md,tokuteiginou-ichigou-youken,ai_verified,high,medium,official,human_curated_early,runtime_eligible,ai_verified + official + factual + not deep-water + risk<critical,5,0,
/Users/martin/Documents/tebiq-rc-sprint/docs/fact-cards/tokuteiginou-nigou-youken.md,tokuteiginou-nigou-youken,ai_verified,high,high,official,human_curated_early,runtime_eligible,ai_verified + official + factual + not deep-water + risk<critical,5,0,
/Users/martin/Documents/tebiq-rc-sprint/docs/fact-cards/unten-menkyo-gaijin-1year.md,unten-menkyo-gaijin-1year,ai_extracted,medium,medium,official,ai_bulk_2026_05_17,needs_domain,ai_extracted + low/medium confidence — pending DOMAIN review,3,0,
/Users/martin/Documents/tebiq-rc-sprint/docs/fact-cards/unten-menkyo-gaijin.md,unten-menkyo-gaijin,ai_verified,medium,high,official,human_curated_early,runtime_eligible,ai_verified + official + factual + not deep-water + risk<critical,5,0,
/Users/martin/Documents/tebiq-rc-sprint/docs/fact-cards/visa-menjo-69-country.md,visa-menjo-69-country,ai_extracted,low,high,official,ai_bulk_2026_05_17,needs_domain,ai_extracted high-confidence — promote candidate pending DOMAIN review,3,3,
/Users/martin/Documents/tebiq-rc-sprint/docs/fact-cards/visa-menjo-nyukoku.md,visa-menjo-nyukoku,ai_verified,medium,high,official,human_curated_early,needs_domain,primary official URL DEAD (https://www.mofa.go.jp/mofaj/toko/visa/tanki/himmune.html); needs FACT URL refresh,5,5,
/Users/martin/Documents/tebiq-rc-sprint/docs/fact-cards/yobi-yose-shinseki-houmon.md,yobi-yose-shinseki-houmon,ai_extracted,low,high,official,ai_bulk_2026_05_17,needs_domain,ai_extracted high-confidence — promote candidate pending DOMAIN review,3,3,
/Users/martin/Documents/tebiq-rc-sprint/docs/fact-cards/yochi-en-hoiku-gaikoku.md,yochi-en-hoiku-gaikoku,ai_extracted,low,medium,official,ai_bulk_2026_05_17,needs_domain,ai_extracted + low/medium confidence — pending DOMAIN review,3,0,
/Users/martin/Documents/tebiq-rc-sprint/docs/fact-cards/yuigon-koseishousho-jutsu.md,yuigon-koseishousho-jutsu,ai_extracted,medium,medium,official,ai_bulk_2026_05_17,needs_domain,ai_extracted + low/medium confidence — pending DOMAIN review,3,0,
/Users/martin/Documents/tebiq-rc-sprint/docs/fact-cards/yukyu-kyuka-rokei.md,yukyu-kyuka-rokei,ai_extracted,low,high,official,ai_bulk_2026_05_17,needs_domain,ai_extracted high-confidence — promote candidate pending DOMAIN review,3,3,
/Users/martin/Documents/tebiq-rc-sprint/docs/fact-cards/yuujin-hyo-tokutei-jukuyou.md,yuujin-hyo-tokutei-jukuyou,ai_extracted,low,high,official,ai_bulk_2026_05_17,needs_domain,ai_extracted high-confidence — promote candidate pending DOMAIN review,3,0,
/Users/martin/Documents/tebiq-rc-sprint/docs/fact-cards/zaigai-chuzai-visa.md,zaigai-chuzai-visa,ai_verified,high,high,official,human_curated_early,runtime_eligible,ai_verified + official + factual + not deep-water + risk<critical,5,0,
/Users/martin/Documents/tebiq-rc-sprint/docs/fact-cards/zaihu-card-3rd-online.md,zaihu-card-3rd-online,ai_extracted,medium,high,official,ai_bulk_2026_05_17,needs_domain,ai_extracted high-confidence — promote candidate pending DOMAIN review,3,0,
/Users/martin/Documents/tebiq-rc-sprint/docs/fact-cards/zaijuu-haigusha-6months.md,zaijuu-haigusha-6months,ai_extracted,high,high,official,ai_bulk_2026_05_17,needs_domain,deep-water family slug/keyword,3,0,
/Users/martin/Documents/tebiq-rc-sprint/docs/fact-cards/zairyu-address-change.md,zairyu-address-change,ai_verified,low,high,official,human_curated_early,runtime_eligible,ai_verified + official + factual + not deep-water + risk<critical,5,0,
/Users/martin/Documents/tebiq-rc-sprint/docs/fact-cards/zairyu-card-carry-obligation.md,zairyu-card-carry-obligation,ai_extracted,high,high,official,ai_bulk_2026_05_17,needs_domain,ai_extracted high-confidence — promote candidate pending DOMAIN review,3,0,
/Users/martin/Documents/tebiq-rc-sprint/docs/fact-cards/zairyu-card-keitai-gimu.md,zairyu-card-keitai-gimu,ai_verified,high,high,official,human_curated_early,runtime_eligible,ai_verified + official + factual + not deep-water + risk<critical,5,0,
/Users/martin/Documents/tebiq-rc-sprint/docs/fact-cards/zairyu-card-loss-overseas.md,zairyu-card-loss-overseas,ai_extracted,high,high,official,ai_bulk_2026_05_17,needs_domain,ai_extracted high-confidence — promote candidate pending DOMAIN review,3,0,
/Users/martin/Documents/tebiq-rc-sprint/docs/fact-cards/zairyu-card-loss-reissue.md,zairyu-card-loss-reissue,ai_verified,high,high,official,human_curated_early,runtime_eligible,ai_verified + official + factual + not deep-water + risk<critical,5,0,
/Users/martin/Documents/tebiq-rc-sprint/docs/fact-cards/zairyu-card-online-failure-information.md,zairyu-card-online-failure-information,ai_extracted,low,high,official,ai_bulk_2026_05_17,needs_domain,ai_extracted high-confidence — promote candidate pending DOMAIN review,3,0,
/Users/martin/Documents/tebiq-rc-sprint/docs/fact-cards/zairyu-card-reissue-14days.md,zairyu-card-reissue-14days,ai_extracted,high,high,official,ai_bulk_2026_05_17,needs_domain,ai_extracted high-confidence — promote candidate pending DOMAIN review,3,0,
/Users/martin/Documents/tebiq-rc-sprint/docs/fact-cards/zairyu-card-return-gimu.md,zairyu-card-return-gimu,ai_extracted,high,medium,official,ai_bulk_2026_05_17,needs_domain,ai_extracted + low/medium confidence — pending DOMAIN review,3,0,
/Users/martin/Documents/tebiq-rc-sprint/docs/fact-cards/zairyu-card-validity-renewal.md,zairyu-card-validity-renewal,ai_extracted,high,high,official,ai_bulk_2026_05_17,needs_domain,ai_extracted high-confidence — promote candidate pending DOMAIN review,3,0,
/Users/martin/Documents/tebiq-rc-sprint/docs/fact-cards/zairyu-expiry-renewal-change.md,zairyu-expiry-renewal-change,human_reviewed,high,high,official,human_curated_early,runtime_eligible,"state=human_reviewed, no deep-water",7,0,
/Users/martin/Documents/tebiq-rc-sprint/docs/fact-cards/zairyu-hardship-payment.md,zairyu-hardship-payment,ai_extracted,low,high,official,ai_bulk_2026_05_17,needs_domain,ai_extracted high-confidence — promote candidate pending DOMAIN review,3,0,
/Users/martin/Documents/tebiq-rc-sprint/docs/fact-cards/zairyu-irrelevent-jutsu.md,zairyu-irrelevent-jutsu,ai_extracted,high,high,official,ai_bulk_2026_05_17,needs_domain,ai_extracted high-confidence — promote candidate pending DOMAIN review,3,0,
/Users/martin/Documents/tebiq-rc-sprint/docs/fact-cards/zairyu-kekkan-renew-document.md,zairyu-kekkan-renew-document,ai_extracted,medium,high,official,ai_bulk_2026_05_17,needs_domain,ai_extracted high-confidence — promote candidate pending DOMAIN review,3,0,
/Users/martin/Documents/tebiq-rc-sprint/docs/fact-cards/zairyu-kikan-5years-default.md,zairyu-kikan-5years-default,ai_extracted,low,high,official,ai_bulk_2026_05_17,needs_domain,ai_extracted high-confidence — promote candidate pending DOMAIN review,3,0,
/Users/martin/Documents/tebiq-rc-sprint/docs/fact-cards/zairyu-nintei-shomeisho-application-method.md,zairyu-nintei-shomeisho-application-method,ai_extracted,medium,high,official,ai_bulk_2026_05_17,needs_domain,ai_extracted high-confidence — promote candidate pending DOMAIN review,3,0,
/Users/martin/Documents/tebiq-rc-sprint/docs/fact-cards/zairyu-nintei-shomeisho.md,zairyu-nintei-shomeisho,ai_verified,high,high,official,human_curated_early,runtime_eligible,ai_verified + official + factual + not deep-water + risk<critical,7,0,
/Users/martin/Documents/tebiq-rc-sprint/docs/fact-cards/zairyu-online-system.md,zairyu-online-system,ai_extracted,low,high,official,ai_bulk_2026_05_17,needs_domain,ai_extracted high-confidence — promote candidate pending DOMAIN review,3,0,
/Users/martin/Documents/tebiq-rc-sprint/docs/fact-cards/zairyu-period-3months-warning.md,zairyu-period-3months-warning,ai_extracted,high,medium,official,ai_bulk_2026_05_17,needs_domain,ai_extracted + low/medium confidence — pending DOMAIN review,3,0,
/Users/martin/Documents/tebiq-rc-sprint/docs/fact-cards/zairyu-pl-after-shibetsu.md,zairyu-pl-after-shibetsu,ai_extracted,high,medium,official,ai_bulk_2026_05_17,needs_domain,ai_extracted + low/medium confidence — pending DOMAIN review,3,0,
/Users/martin/Documents/tebiq-rc-sprint/docs/fact-cards/zairyu-self-check-sheet.md,zairyu-self-check-sheet,ai_extracted,low,high,official,ai_bulk_2026_05_17,needs_domain,ai_extracted high-confidence — promote candidate pending DOMAIN review,3,0,
/Users/martin/Documents/tebiq-rc-sprint/docs/fact-cards/zairyu-shikaku-torikeshi-jiyu-10.md,zairyu-shikaku-torikeshi-jiyu-10,ai_extracted,high,medium,official,ai_bulk_2026_05_17,needs_domain,deep-water family slug/keyword,3,0,
/Users/martin/Documents/tebiq-rc-sprint/docs/fact-cards/zairyu-shikaku-torikeshi.md,zairyu-shikaku-torikeshi,ai_verified,critical,high,official,human_curated_early,needs_domain,deep-water family slug/keyword,7,0,
/Users/martin/Documents/tebiq-rc-sprint/docs/fact-cards/zairyu-shinsei-category.md,zairyu-shinsei-category,ai_verified,high,high,official,human_curated_early,runtime_eligible,ai_verified + official + factual + not deep-water + risk<critical,5,0,
/Users/martin/Documents/tebiq-rc-sprint/docs/fact-cards/zairyu-shinsei-form-paper-online.md,zairyu-shinsei-form-paper-online,ai_extracted,low,high,official,ai_bulk_2026_05_17,needs_domain,ai_extracted high-confidence — promote candidate pending DOMAIN review,3,0,
/Users/martin/Documents/tebiq-rc-sprint/docs/fact-cards/zairyu-shitsugyo-hosho-pension.md,zairyu-shitsugyo-hosho-pension,ai_extracted,medium,medium,official,ai_bulk_2026_05_17,needs_domain,ai_extracted + low/medium confidence — pending DOMAIN review,3,0,
/Users/martin/Documents/tebiq-rc-sprint/docs/fact-cards/zairyu-tokubetsu-eijuusha.md,zairyu-tokubetsu-eijuusha,ai_extracted,low,high,official,ai_bulk_2026_05_17,needs_domain,ai_extracted high-confidence — promote candidate pending DOMAIN review,3,3,
/Users/martin/Documents/tebiq-rc-sprint/docs/fact-cards/zairyu-tokubetsu-kyoka.md,zairyu-tokubetsu-kyoka,ai_extracted,high,medium,official,ai_bulk_2026_05_17,needs_domain,ai_extracted + low/medium confidence — pending DOMAIN review,3,0,
/Users/martin/Documents/tebiq-rc-sprint/docs/fact-cards/zairyu-touriku-after-zaijuu.md,zairyu-touriku-after-zaijuu,ai_extracted,high,high,official,ai_bulk_2026_05_17,needs_domain,ai_extracted high-confidence — promote candidate pending DOMAIN review,3,0,
/Users/martin/Documents/tebiq-rc-sprint/docs/fact-cards/zaiyu-card-validity-by-status.md,zaiyu-card-validity-by-status,ai_extracted,medium,high,official,ai_bulk_2026_05_17,needs_domain,ai_extracted high-confidence — promote candidate pending DOMAIN review,3,0,
/Users/martin/Documents/tebiq-rc-sprint/docs/fact-cards/zeimu-shomeisho-3types.md,zeimu-shomeisho-3types,ai_extracted,medium,high,official,ai_bulk_2026_05_17,needs_domain,ai_extracted high-confidence — promote candidate pending DOMAIN review,3,0,
/Users/martin/Documents/tebiq-rc-sprint/docs/knowledge-atlas/phase2/guardrails-p0p1/FACT_PROGRESS.md,FACT_PROGRESS,,,,,atlas_asset,keep_as_atlas_draft,knowledge-atlas/ draft layer; not in fact system,193,0,
/Users/martin/Documents/tebiq-rc-sprint/docs/knowledge-atlas/phase2/guardrails-p0p1/guardrail-kaisha-setsuritsu-keieikanri.md,guardrail-kaisha-setsuritsu-keieikanri,quarantined,P1,medium,official,atlas_asset,keep_as_atlas_draft,knowledge-atlas/ draft layer; not in fact system,1,0,
/Users/martin/Documents/tebiq-rc-sprint/docs/knowledge-atlas/phase2/guardrails-p0p1/guardrail-keieikanri-joken-shorei.md,guardrail-keieikanri-joken-shorei,quarantined,P0,low,official,atlas_asset,keep_as_atlas_draft,knowledge-atlas/ draft layer; not in fact system,1,0,
