case_id,score,defect_flags,vs_deepseek_judgment,ideal_answer_skeleton,confidence,reasoning
eval-lab-v1-A04,4,no_next_action,strict_added,1.新申请适用新政5项要件(3000万/常勤职员/学历/N2/独立事务所)，过渡措置不适用变更申请 | 2.人文签下不可同时从事经营，活動実態消失风险须提前规划 | 3.公司设立完成后才能申请变更，辞职与获批之间不可出现空白期 | 4.在留期限剩余不足时审查更严 | 5.带资本金/聘用/学历/N2证明找熟悉新政的行政书士评估,0.82,TEBIQ正确识别2025年10月改正的3000万要件，DeepSeek仍引用500万旧标准，这是核心事实增量。答案覆盖新政5项要件、活動実態消失风险和申请时机，整体扎实。略有欠缺：若申请人5项条件不足，答案没有给出任何替代路径提示，用户只知道当前阶段不行但不知道如何调整。
eval-lab-v1-A06,3,missing_fact_not_asked,tied,1.工作内容须属专业性范畴，排除单纯体力劳动 | 2.学历(大学以上)或实务经验须与职务有明确关联性 | 3.报酬须与同等日本人标准相当（实务中常见被拒理由） | 4.雇主财务稳定性和雇佣必要性会被重点审查 | 5.内定前后在留期限衔接与资格外活動許可状态,0.75,答案覆盖工作内容、学历要求、雇主审查和时机等主要维度，以追问方式核实用户现状体现了TEBIQ咨询逻辑。但遗漏了薪资水平要求这一实务中常见被拒理由，DeepSeek明确列出了月薪参考底线。整体信息密度相当，判定tied，未提及薪资属missing_fact_not_asked。
eval-lab-v1-B05,3,missing_fact_not_asked,tied,1.赤字本身不是直接否决项，核心看経営実態是否持续 | 2.活動実態消失(无交易/无员工/长期停業)才是真正风险红线 | 3.公共义务履行(年金・健保・住民税按期纳付，不得滞纳)是必须满足的基础条件 | 4.过渡措置期内综合判断，须附改善计划 | 5.带决算书+事业计划找行政书士做更新前评估,0.78,TEBIQ正确强调了活動実態而非单纯财务数字，引入过渡措置政策背景是加分项。但完全遗漏了公共义务履行(年金・健康保険・住民税按期缴纳)这一经管签更新的核心审查点，DeepSeek明确列出，TEBIQ完全未及。实务中滞纳记录是导致不许可的高频原因，属missing_fact_not_asked。整体信息密度相当，判定tied。
eval-lab-v1-B06,4,shallow_answer,strict_added,1.区分新申请(须满足新政3000万等全部要件)vs既存更新(过渡措置期至2028年10月) | 2.过渡措置期不强制立即达到3000万，但综合判断经营状况 | 3.审查核心是経営実態：持续亏损+无员工+无活动実態才是真正风险组合 | 4.改善の見込み须用具体材料证明(事业计划书/新契约/常勤职员计划等) | 5.带最新决算书+事业计划找行政书士做更新前风险评估,0.8,TEBIQ正确区分新申请与更新路径，引入2025年10月改正及过渡措置框架，纠正了DeepSeek仍用500万旧标准的偏差。资本金数字不等于唯一标准、経営実態才是关键的判断方向正确。略欠缺：没有具体说明改善の見込み在实务中需要哪些材料来证明，用户知道方向但不知道怎么举证。
eval-lab-v1-B07,3,shallow_answer,tied,1.先明确两条路：休眠(短期离开/未来可能回来)vs正式清算(确定回国) | 2.清算程序：股东决议->法务局解散登记->税务申告->社会保险资格丧失手续 | 3.入管届出：活动停止后14天内提交所属機関届出，不要带未清算状态直接出境 | 4.清算通常需数月，须与在留期限和出国日程对应规划 | 5.同时咨询行政书士+税理士，两类手续并行推进,0.75,TEBIQ强调了带未清算状态离开日本的风险和入管14天届出义务，这些是关键提醒。但未提及休眠/保留选项(适合短期回国且未来可能返回的情况)，DeepSeek有完整对比分析。清算程序细节(税务申告步骤、社会保险手续)也明显薄于DeepSeek。整体判定tied，但在程序完整度上有shallow_answer倾向。
eval-lab-v1-B08,4,over_safe_generic,strict_added,1.先厘清核心变量：被换的是不是你自己 | 2.你辞任+完全退出经营：14天内届出活動停止，3个月内须转其他活动或变更签证 | 3.你辞任但仍参与管理职务：一般无需届出，但须保留会议记录/业务邮件等実態证明 | 4.换的是别人你不变：无需向入管单独通知 | 5.角色不明确或辞任后无变更计划：建议找行政书士确认,0.82,TEBIQ首先厘清被换的是不是自己这一核心变量，结构清晰。继续参与管理时应保留会议记录和业务邮件作为実態证明这一实务建议是DeepSeek没有的增量，对实际备审很有价值。结尾建议找行政书士略显套路化，但整体答案质量优于DeepSeek，判定strict_added。
eval-lab-v1-B09,4,missing_fact_not_asked,strict_added,1.两项义务独立：法务局(本店移転登记，两周内)和入管(所属機構届出，14天内)都必须办 | 2.法务局是公司法义务，与在留资格无关；入管是报告义务 | 3.新地址若为自宅：触发2025年改正自宅兼用禁止规定，需事前评估 | 4.行动顺序：先法务局拿履历事项证明书，再入管届出 | 5.跨都道府県移転时入管管辖变更，需向新管辖局提交,0.84,答案直接回答两项都要办，解释了两者不同法律依据，给出清晰行动顺序。关键增量是新政背景下的自宅兼用风险提醒，DeepSeek未提及。略有欠缺：未提及跨都道府県移転时入管管辖变更问题(DeepSeek有提醒)，属missing_fact_not_asked，但不影响整体判断，判定strict_added。
eval-lab-v1-B10,3,"over_safe_generic,shallow_answer",tied,1.建议现在就准备：外观(建筑入口+信箱+公司名牌)+室内(办公设备+日常经营痕迹，避免空荡) | 2.名牌/看板须设置并拍照，无名牌容易被怀疑事業所実在性 | 3.过渡措置期内事業所独立性仍是更新基础审查点 | 4.提交时机：更新申请时一并提交，不要等被要求补材料 | 5.与行政书士事前确认本次具体材料清单，提前备妥更主动,0.72,TEBIQ回答了准备方向并引入过渡措置背景，但整体过于保守——没有明确说现在就该准备什么，也没有说明照片应拍哪些内容(外观/室内/名牌各有侧重)。最后把问题抛给行政书士而不提供用户能直接操作的信息，有over_safe_generic倾向。DeepSeek虽有截断但已有内容更直接。判定tied。
eval-lab-v1-C01,3,shallow_answer,tied,1.换雇主：14天内必须向入管提交所属機関等届出（离职+入职各一次）| 2.工作内容变化出资格范围：不是届出能解决的，须申请在留资格变更 | 3.同一法人内部调动但内容大幅变化：须咨询是否需变更申请 | 4.3个月内未从事资格活动会触发取消事由 | 5.确认新工作雇用契约业务内容是否仍在技人国范围,0.78,TEBIQ覆盖了14天届出义务、工作内容匹配要求和3个月空窗期规则等核心点，整体方向正确。但DeepSeek更完整地列出了3种情景（跨资格变更/换雇主同资格/同法人内调动），TEBIQ遗漏了同一法人内部调动的处理情景。整体信息密度相当，判定tied，同法人调动遗漏属shallow_answer。
eval-lab-v1-C02,3,missing_fact_not_asked,tied,1.离职后14天内：提交契約終了届出（义务，不做影响后续更新） | 2.3个月空窗期规则：积极求职属正当理由，保留求职记录 | 3.超3个月无正当活动：入管可启动取消程序（非自动但实务有效） | 4.过渡选项：申请特定活動（継続就職活動）以合法延续在留 | 5.在留期限快到：必须优先处理，不能等找到工作再看,0.76,TEBIQ覆盖了14天届出义务、3个月规则和特定活動过渡选项，整体方向正确。但未提及积极求职属于正当理由这一重要细节（这能让焦虑的用户知道正在找工作不会立刻被取消），DeepSeek明确解释了这一点。属missing_fact_not_asked。两者信息密度相当，判定tied。
eval-lab-v1-C03,3,shallow_answer,tied,1.同类别内小幅调整（如系统开发→系统运维）：一般不构成问题 | 2.跨大类变化（如翻译→工程设计）：实质还在资格内但更新时须说明 | 3.超出资格范围（如改做单纯体力劳动）：资格外活動风险，不能靠届出解决 | 4.超3个月从事不符合活动：触发取消事由 | 5.确认雇佣契约业务内容后找行政书士评估资格合规性,0.75,TEBIQ正确识别了核心风险（超出范围=资格外活動）并要求确认关键事实，咨询逻辑清晰。但未能解释变化程度的梯度：同类小幅调整通常没问题，跨类但还在技人国范围内的变化需要说明，完全超出才是资格外活動。DeepSeek有这个梯度分析，TEBIQ的回答对用户来说可能造成不必要的恐慌。属shallow_answer。
eval-lab-v1-C04,3,missing_fact_not_asked,tied,1.先明确：哪些材料是公司必须出的（在職証明書/决算書等）vs用户自己能取的（住民税/源泉）| 2.与公司直接沟通：说明是入管法律要求而非个人要求，强调不配合双方都受损 | 3.公司替代方案：密封传递决算书/上场企业用四季报替代等 | 4.沟通无果：以新公司内定做资格变更申请 | 5.紧急情况：找行政书士介入，评估特定活動等过渡选项,0.76,TEBIQ给出了行动框架（再沟通一次→无果则找新雇主→找行政书士），逻辑合理且有行动导向。但遗漏了哪些材料公司必须提供vs用户自己能独立取得这一区分，用户可能以为所有材料都需要公司配合。DeepSeek对此有明确说明。属missing_fact_not_asked。整体信息量相当，判定tied。
eval-lab-v1-C05,3,no_next_action,tied,1.换工作本身不违法，但有两个硬性义务：离职和入职各须14天内届出 | 2.新工作内容必须仍属技人国范围，否则需先申请变更资格再入职 | 3.更新审查时重点看新公司稳定性、报酬合理性、职务说明明确性 | 4.更新前换工作的timing风险：在留期限剩余不足时申请材料准备时间压缩 | 5.确认新公司雇用条件后建议找行政书士把关职务说明书,0.74,TEBIQ正确覆盖了在留期限确认、新工作内容匹配和14天届出义务，是个合格的答案。但没有明确给出用户离开对话后应立即做的第一件事（先确认在留期限剩余天数），属no_next_action。DeepSeek在程序流程上略更完整。整体信息密度相当，判定tied。
eval-lab-v1-C06,4,over_safe_generic,tied,1.销售工作能否符合技人国：取决于是否需要专业知识或外语能力 | 2.不符合：门店接客/收银/电话推销等单纯贩卖行为 | 3.符合：B2B方案式销售/海外业务谈判/IT系统销售（需专业知识）| 4.核心判断材料：雇佣契约书+职务内容说明书的实际业务描述 | 5.中间地带（兼有简单接客和专业提案）：风险高，须找行政书士把关,0.8,TEBIQ给出了清晰的合格vs不合格销售类型区分，直接明了，对用户决策价值高。提醒用户确认雇佣契约书的业务描述是关键行动项。结尾的行政书士建议略套路化，但整体质量与DeepSeek相当，判定tied。DeepSeek在例举的职种类型上略更完整，但不影响判断。
eval-lab-v1-C07,3,over_safe_generic,tied,1.技人国签证通常不允许餐饮现场工作（单纯劳动不符合专业知识要求）| 2.风险后果：资格外活動可能被取消在留资格（3个月连续从事的参考线）| 3.极少数例外：以专业外语能力服务外国顾客/专业主厨资格/餐饮管理职 | 4.转职必须先确认：业务内容说明书能否明确证明专业性 | 5.无法判断时：带具体职务描述找行政书士，不要先辞职再换签,0.75,TEBIQ正确给出了原则（通常不允许）和主要风险（资格外活動可能被取消），并提及3个月连续从事的参考线。结尾开放性邀请用户提供具体职务描述是好的咨询姿态。但结尾的建议比较套路化且重复。两者信息密度相当，判定tied。
eval-lab-v1-C08,4,over_safe_generic,strict_added,1.14天内：必须提交契約終了届出（义务，与找工作无关）| 2.3个月：不是硬性期限，而是入管可以启动取消程序的参考基准 | 3.契约社员/派遣/短期项目等同类职种的工作也计入活动，不局限于正社员 | 4.在留期限快到+还没找到工作：优先处理，不能等 | 5.3个月内空窗期：留存积极求职记录作为正当理由证明,0.81,TEBIQ对14天和3个月两个时间节点的区分和解释比DeepSeek更清晰，特别是3个月不是自动取消而是可以启动程序的说法更准确。关键增量是：契约社员/派遣/短期项目等同类职种工作也计入活动，这是很实用的信息，DeepSeek未提及。结尾略套路化，但整体strict_added。
eval-lab-v1-C09,3,no_next_action,tied,1.工作内容合规性优先于工资数字：新岗位是否仍是专业性工作 | 2.工资水平低于市场同类岗位：可能引发对实际工作性质的怀疑 | 3.工资与生计能力：能否独立稳定生活，有抚养者影响更大 | 4.转职后14天内：必须完成所属机构变更届出 | 5.不确定时：带雇佣合同和职种说明找行政书士确认,0.75,TEBIQ正确指出内容合规性比工资数字更重要，并覆盖了市场工资怀疑和抚养者影响两个维度，最后补了14天届出提醒。整体方向正确，与DeepSeek信息密度相当。但没有给出用户离开对话后应立即做的明确第一步，属no_next_action（先查工作内容还是先看工资？用户不清楚优先级）。判定tied。
eval-lab-v1-C10,3,missing_fact_not_asked,tied,1.公司倒闭不会即刻终止在留资格，但须立即启动应对 | 2.14天内：提交契約終了届出 | 3.3个月规则：无活动实态可被取消，倒闭不构成法律豁免 | 4.快速找同类工作：入职后提交新所属機関届出 | 5.暂时无法就职：可申请特定活動（継続就職活動），在留期限快到须优先处理,0.74,TEBIQ正确强调了3个月活动义务不因倒闭豁免这一重要点，以及在留期限临近时的紧迫性。但遗漏了特定活動（継続就職活動）这一暂时无法就职时的过渡选项，DeepSeek有提及。用户如果正在焦虑中，这个选项很关键，属missing_fact_not_asked。整体判定tied。
eval-lab-v1-D01,4,over_safe_generic,strict_added,1.家族滞在原则上不允许工作，须先取得资格外活动许可才能打工 | 2.关键前置确认：扶養者（配偶/父母）持有什么签证？特定技能1号等不允许附带家族滞在 | 3.许可后限制：每周28小时以内，严禁风俗相关工作 | 4.打工收入的税务/社保影响：可能影响抚养控除认定 | 5.正式提交前咨询行政书士确认扶養者签证类型和许可适用性,0.8,TEBIQ覆盖了资格外活动许可的必要性、28小时限制和禁止场所，并增加了一个DeepSeek未提及的重要前提：扶養者持有的签证类型（如特定技能1号）可能导致家族滞在本身不成立，进而影响许可申请。这是一个真实存在的坑，属于strict_added的事实增量。结尾建议行政书士略套路化，但整体质量高于DeepSeek。
eval-lab-v1-D02,3,over_safe_generic,tied,1.立即停止超时：恢复到28小时以内，不要继续加深违法状态 | 2.告知雇主：说明签证限制，要求调整排班 | 3.了解记录后果：超时痕迹会在住民税/源泉징收票等留下，入管可调阅 | 4.后续申请影响：更新/変更/永住申请时可能被严格审查或不许可 | 5.已被发现或担心被发现：不要隐瞒，找行政书士评估是否已构成取消事由,0.76,TEBIQ正确给出了立即停止的核心行动，并强调了超时记录对未来申请的长期影响，这是关键风险提示。但未像DeepSeek那样具体说明超时记录会通过哪些具体文件（住民税/源泉징收票）被入管发现，这是对用户很有价值的信息。结尾建议找行政书士略套路化但合理。整体信息密度相当，判定tied。
eval-lab-v1-D03,3,no_next_action,tied,1.需要申请在留资格変更许可（家族滞在→技人国等），不是自动切换 | 2.核心审查点：工作内容与学历/実務経験的对应关系 | 3.主要材料：雇佣契约书/内定通知书/公司登记簿/公司决算书/本人学历和职历证明 | 4.变更许可下来前不能全职上班（28小时外活动须停止）| 5.学历-职种不匹配时：变更许可风险高，建议事前咨询行政书士评估,0.75,TEBIQ正确覆盖了変更申请要求、学历-工作关联性审查和变更前的活动限制，咨询方向正确。但用户实际需要知道的是具体要准备哪些材料（雇佣契约书、公司登记簿、决算书、学历证明等），DeepSeek明确列出了这些，TEBIQ完全未提。属no_next_action。整体判定tied。
eval-lab-v1-D04,4,no_next_action,strict_added,1.分居本身不直接否决更新，关键是能否证明婚姻实质仍在继续 | 2.法律红线：入管法第22条之4第7号——6个月以上未从事配偶活动可被取消 | 3.分居理由是否正当（工作/照顾父母等）：正当理由下仍有通过可能 | 4.须准备：分居理由说明书+联络记录+经济往来证明+子女关系证明 | 5.确认分居时长和在留期限：临近6个月或到期不足者须立即咨询行政书士,0.82,TEBIQ明确引用了入管法第22条之4第7号及6个月规则，比DeepSeek更有法律依据的准确性。分居的即时风险（6个月可被取消，而不只是影响更新）被清晰传达。略有欠缺：没有给出需要准备的具体材料清单（分居理由说明书等），属no_next_action。整体strict_added。
eval-lab-v1-D05,3,shallow_answer,tied,1.离婚成立后：签证基础消失，14天内必须向入管报告，6个月内须变更资格 | 2.有共同子女且实际抚养：可能有资格申请定住者（最可行路径之一）| 3.婚姻持续3年以上+在日生活根基深：定住者裁量有一定空间 | 4.有工作+学历匹配：可直接申请就劳签证（技人国等） | 5.什么情况都没有：只能在期限内回国或寻求其他特殊理由,0.73,TEBIQ给出了14天报告义务和6个月规则的正确框架，并提到了定住者和技人国两个可能路径，但没有把个人情况与具体路径清晰对应（有孩子→定住者可行，有工作→技人国可行）。DeepSeek的路径图更清晰，用户看完TEBIQ知道需要更多信息，但不知道自己的情况属于哪种可能。属shallow_answer，整体判定tied。
eval-lab-v1-D06,4,over_safe_generic,strict_added,1.14天以内：离婚成立后必须向入管提交届出（法律义务）| 2.6个月规则：连续6个月未从事配偶活动可被取消，但不是自动取消 | 3.取消程序：意见听取后最多给30天出境准备期，不是等到6个月才处理 | 4.最晚3个月内开始准备变更（定住者/就劳签证等）| 5.已接近6个月或婚姻状况不确定：立即咨询行政书士做个案评估,0.8,TEBIQ清晰给出了14天和6个月两个关键时间节点，并说明取消程序有意见听取和30天出境准备期，这是DeepSeek未明确提及的程序细节，属strict_added。强调'不是等到6个月才处理'的紧迫性框架也是好的风险传达。结尾建议行政书士略套路化，但整体质量优于DeepSeek。
eval-lab-v1-D07,2,shallow_answer,regression,1.分居本身不直接导致不许可，但入管会严格审查婚姻实质性 | 2.必须准备：分居理由说明书（合理的客观原因，如工作调动/照顾父母）| 3.婚姻持续证明材料：联络记录（LINE/电话）+见面记录+经济往来（汇款等）| 4.6个月无配偶活动：资格取消事由，须在更新时积极说明 | 5.情感不和/实质离婚准备阶段：建议咨询行政书士，更新申请风险极高,0.8,TEBIQ基本停留在提问和风险警告层面（分居多久了？原因是什么？），未提供用户最需要的实质性帮助：应该准备哪些材料来证明婚姻仍在继续。DeepSeek详细列出了分居理由说明书、联络记录、经济往来证明等必要材料，这对用户准备更新有直接价值。TEBIQ的答案对准备更新的用户几乎没有可操作的指导，判定regression。
eval-lab-v1-D08,2,user_intent_misread,regression,1.适用场景：离婚后有共同未成年子女+实际抚养/配偶去世/DV等人道理由 | 2.主要材料：変更申请书/理由书（生活状况+抚养关系+生计计划）/离婚证明/子女相关证明/住民票/纳税证明/在职证明 | 3.核心材料：理由书（需说明为何必须留在日本及独立生活能力）| 4.没有子女或特殊理由：定住者通常不是可选项，须转就劳资格 | 5.个案差异大：带具体情况找行政书士前确认是否符合定住者条件,0.82,用户明确问了需要准备什么材料，TEBIQ却用大篇幅问澄清问题（什么签证/到期日/离婚状况），然后说去找行政书士，几乎没有提供任何材料指导。DeepSeek给出了完整的材料清单（申请书/理由书/离婚证明/子女证明/纳税证明等），直接回答了用户的问题。TEBIQ这里属于user_intent_misread——用户问的是材料，TEBIQ没有回答，判定regression。
eval-lab-v1-D09,3,shallow_answer,tied,1.家族滞在依附于扶養者（你）的在留资格，扶養者变更会影响其更新 | 2.可换成允许携带家属的同类资格（如技人国→高度専門職）：家人影响较小 | 3.换成特定技能1号或留学等：不允许携带家属，家人家族滞在无法更新 | 4.换签过程中你的申请失败/保留：可能波及家人的期限 | 5.変更申请前做整体家庭规划，同步确认家人是否需要单独申请,0.75,TEBIQ正确指出了换签前需整体规划家人在留资格，并给出了关键风险框架（如申请失败可能波及家人）。但缺少DeepSeek提供的具体案例——哪类签证变更对家人影响小（技人国→高度専門職），哪类会让家人无法继续（转特定技能1号）。具体例子对用户判断风险等级非常重要，属shallow_answer。整体信息密度相当，判定tied。
eval-lab-v1-D10,3,shallow_answer,tied,1.毕业后继续就职：需变更为就劳签证（技人国等），须满足学历-工作内容关联性 | 2.毕业后升学（大学院等）：若仍被扶养，通常可继续用家族滞在更新 | 3.毕业后不工作不升学：家族滞在无法以此更新，在留处于风险 | 4.成年后仍被全日制就学且被扶养：审查会关注但通常有空间 | 5.变更许可未下来前不得全职就职，须在申请审查期间内保持合法状态,0.74,TEBIQ覆盖了就职变更和无活动风险两种情景，但遗漏了毕业后继续升学（大学院/专门课程）的情景——这是家族滞在可以继续更新的路径，DeepSeek明确提及。遗漏这个选项意味着有升学意向的用户可能误以为只有就职一条路，属shallow_answer。整体信息密度相当，判定tied。
eval-lab-v1-E01,4,truncation_or_incomplete,strict_added,1.补缴不能消除事实——当初未在期限内缴纳本身会被负面评价，不是补交就解决 | 2.区分情况：未加入(国民年金) vs 滞纳 vs 免除・猶予，三种情况处理方式不同 | 3.先拿正式记录：登录ねんきんネット或年金事务所申请被保険者記録照会 | 4.有空白期但有正当理由（在校/经济困难）：理由书可能帮助减轻负面评价 | 5.确认记录后带行政书士评估申请时机，不要盲目递交,0.78,TEBIQ直接纠正了关键误解（补缴不能解决问题），并正确区分了未加入/滞纳/免除三种不同情况，这是DeepSeek未明确区分的维度，属strict_added。给出了获取正式记录的具体途径（ねんきんネット）。但答案在中途被截断（末尾'但'字悬空），属truncation_or_incomplete，影响完整性评估。
eval-lab-v1-E02,3,over_safe_generic,tied,1.晚交 = 纳税义务未适当履行，即使补交了，延迟事实本身仍会被负面评价 | 2.关键变量：发生时间是否在最近3年审查期间内 | 3.是否有延滞金记录：有则标记更明显 | 4.取纳税证明书：去区役所确认直近3年是否有延迟标记 | 5.若3年内有延迟且有延滞金：不建议立即申请，先找行政书士做书面评估,0.76,TEBIQ正确指出了晚交不等于补交后没事，给出了3个核心判断问题（时间/延滞金/其他义务情况），方向正确。但整体比DeepSeek略短，DeepSeek更明确给出了两种情景（已补交 vs 仍未纳）的不同处理建议。最后建议找行政书士略套路化，整体判定tied。
eval-lab-v1-E03,3,shallow_answer,tied,1.换工作本身不直接拒绝永住，但须立即履行14天届出义务 | 2.最关键风险：厚生年金和健康保险是否在转职期间出现哪怕一个月空档 | 3.新工作雇佣形态稳定性：正社员vs非正規会影响入管对生计稳定性的判断 | 4.新公司年收变化：若大幅下降须准备说明 | 5.递申请前：打印ねんきんネット记录+直近3年住民税証明，确认无延迟,0.74,TEBIQ正确关注了转职期间年金/健保/住民税的连续性这一最关键风险，并给出了具体的记录确认步骤。但遗漏了新工作雇佣形态稳定性（正社员vs非正規）对永住审查的影响，DeepSeek有详细说明。整体信息量相当，判定tied，shallow_answer主要体现在遗漏雇佣形态维度。
eval-lab-v1-E04,3,no_next_action,tied,1.关键优先级：先确认收入不稳定期间公共义务（年金/健保/住民税）是否有未纳或延迟 | 2.若有滞纳：这是更严重的问题，需先处理 | 3.若只是金额低：准备理由书说明原因+今后稳定性 | 4.家庭整体收入：可以把配偶收入合并计算（配偶须有合法就劳资格）| 5.提交前与行政书士评估申请可行性和时机,0.74,TEBIQ正确抓住了关键框架：公共义务履行比收入数字本身更重要，这是比DeepSeek更精准的分析角度。但TEBIQ在提供这个正确框架之后，没有给出具体的下一步行动（如何写理由书、如何利用家庭收入合并计算等），DeepSeek对这些实操细节有明确指引。属no_next_action，整体判定tied。
eval-lab-v1-E05,3,over_safe_generic,tied,1.审查核心是申请人本人的公义务，但同一世帯的配偶记录可能被连带审查 | 2.配偶为第三号被保険者（无收入依附）：年金记录跟随主被保険者，风险相对低 | 3.配偶有独立收入：其住民税、年金、健保需单独确认，有延迟则是消极材料 | 4.前配偶（已离婚）：原则上不延伸审查，但未履行抚养费可能影响素行评价 | 5.配偶有过延迟记录：申请前找行政书士做整体评估,0.75,TEBIQ正确区分了配偶依附型（第三号被保険者）和独立就劳型的不同情况，并强调了世帯内连带审查的可能性，这比DeepSeek更完整。但DeepSeek的前配偶情况（离婚后抚养费未履行可能影响素行）是一个遗漏点，属missing_fact_not_asked。整体信息密度相当，判定tied。
eval-lab-v1-E06,4,over_safe_generic,strict_added,1.关键隐患：公司搬迁后是否在14天内向入管提交所属機関届出（常被忽略的法定义务）| 2.届出未提交：永住审查时可能被视为未遵守法令义务，产生消极评价 | 3.住民税缴纳地变动：若跨市区町村，需确认两地的纳税证明能覆盖完整期间 | 4.申请材料一致性：在职证明、登记事项证明上的地址须与届出地址一致 | 5.届出记录全面筛查后再提交永住申请,0.82,TEBIQ正确识别了真正的隐患——14天内的所属機関届出义务，大多数人搬公司以为不需要处理但实际上是法定义务，遗漏会在永住审查中被负面评价。DeepSeek的答案完全没有提到这个义务，只说材料一致就好。TEBIQ的回答对用户有更高的实际价值，判定strict_added。结尾找行政书士建议略套路化。
eval-lab-v1-E07,4,over_safe_generic,strict_added,1.法律上无强制等待期，但无实质改善立即再申请通常无意义 | 2.第一步：去入管窗口确认不许可理由（带在留卡和护照）| 3.改善审查周期：年金・健保需看最近2年，住民税需看最近3年，改善记录需积累足够长度 | 4.实务参考：改善后至少等待1-2年再申请，但取决于个案 | 5.关键前置：确认当前在留期限——若即将到期须优先更新在留，避免非法滞留,0.8,TEBIQ在DeepSeek基础上增加了一个重要的实用提醒：不许可后当前在留期限可能即将到期，此时优先任务是更新现有在留资格而非立刻重新申请永住，否则可能陷入非法滞留。这是DeepSeek未提及的重要风险点，属strict_added。结尾建议略套路化，但整体答案质量高。
eval-lab-v1-E08,3,no_next_action,tied,1.换工作本身不被禁止，但在审查期间换工作需特别谨慎 | 2.最关键风险：新公司从入职当月必须无缝接入厚生年金和健康保险，绝不能出现哪怕一天空档 | 3.在留资格匹配：换工作须仍在同一在留资格范围内，否则须先申请变更资格 | 4.向入管追加材料：换职后须提交新在职证明、新工资明细等 | 5.换职前咨询行政书士：确认具体情况不会影响审查进展,0.74,TEBIQ正确关注了公义务连续性（年金/健保不能有断档）这一永住审查的核心，这是最关键的风险点。但缺少对入管追加材料流程的说明（DS明确列出了需要追加什么），用户不知道换职后在实操上需要做什么通知动作。属no_next_action。两者整体信息密度相当，判定tied。
eval-lab-v1-E09,3,over_safe_generic,tied,1.搬家本身不影响审查结果，但须及时处理相关义务 | 2.14天内：区役所办理転出/転入届，更新住民票地址 | 3.同时通知入管：向审查中的管辖局报告新住址（可邮寄/窗口/有时可传真）| 4.住民税和健保地址同步更新：确保纳税证明覆盖新旧两地无断档 | 5.保留已通知入管的记录，以防后续联系出现问题,0.73,TEBIQ覆盖了住民票更新、入管通知、住民税地址一致性等主要手续，整体方向正确，添加了健保地址联动的细节。但DeepSeek更清晰地列出了两步手续（入管 + 市区町村），且强调了保留通知记录的重要性。整体信息量相当，判定tied。结尾略套路化。
eval-lab-v1-E10,3,over_safe_generic,tied,1.健保晚交 = 公的義務未适正履行，最近2年记录内的延迟会被消极评价 | 2.区分情况：是否在审查对象的2年内 / 晚交时间长短 / 是否反复发生 | 3.先获取正式记录：去市区町村役场打印最近2年健保缴纳明细，确认是否有延迟标记 | 4.已补交但有延滞记录：不建议立即申请，先咨询行政书士评估可行性 | 5.仍有未纳：立即补缴，但补缴后仍需等待足够的无问题记录期再申请,0.73,TEBIQ正确指出了2年审查期限和延迟次数频率的重要性，给出了核实记录的具体步骤。整体与DeepSeek覆盖相似内容。DeepSeek更明确区分了'已补交有延迟标记'vs'仍有未纳'两种情景的不同处理建议，TEBIQ的分类稍欠具体。最后建议略套路化，整体tied。
eval-lab-v1-F01,3,no_next_action,tied,1.立即联系入管审查部门：说明无法按期提交的理由，请求延期 | 2.先提交已有材料+理由书：告知剩余材料预计取得时间，比什么都不做强 | 3.复合风险：若在留期限也快到，补材料期限和签证到期双重压力，须优先确认 | 4.合理理由（海外寄送/翻译需时）：入管通常可接受书面说明+延期申请 | 5.不要什么都不做：擅自让期限过去等于申请被按现有材料裁决,0.76,TEBIQ正确识别了在留期限与补材料期限的复合风险，这是DeepSeek未明确提及的重要维度。但TEBIQ未提供最实用的战术：'先把手头已有材料连同说明信一起提交'——这个'先交一部分'的策略在实务中很有效，DeepSeek明确给出了这个建议，TEBIQ没有。属no_next_action。整体信息密度相当，判定tied。
eval-lab-v1-F02,3,no_next_action,tied,1.今天内立即联系：打电话给通知书上注明的审查部门，说明受付番号+超期原因 | 2.申请被撤回前：如果审查尚未结论，坦诚说明并请求补交机会 | 3.在留期限状态：确认目前在留卡上的期限——若已过期，即刻进入非法滞留状态 | 4.若已被不许可：转入不许可处理流程（参考不许可通知程序）| 5.立即找行政书士介入：超期情况个案差异大，专业人士介入比自己处理更有效,0.74,TEBIQ正确提示了撤回（取り下げ）和オーバーステイ的风险，这是重要的危机意识。但在最关键的行动指导上，DeepSeek比TEBIQ更具体：告知了打电话时说什么（受付番号+超期理由），以及如果材料准备好了当天或第二天就要送去。TEBIQ只说'今天内联系'但没说怎么联系和说什么。属no_next_action。整体判定tied。
eval-lab-v1-F03,3,over_safe_generic,tied,1.先看信封：确认寄件方（出入国在留管理庁/区役所/年金机构等），决定去哪个窗口 | 2.直接带原件去发件窗口：告诉工作人员'内容がわからない'，当场请求说明 | 3.期限检查：找到通知里的日期数字，这是最紧迫的信息 | 4.找日语会的人翻译全文：不是大意，是逐条翻译要求 | 5.若有期限且临近：当天就找行政书士，不要等,0.75,TEBIQ给出了'找人翻译+确认期限+必要时找行政书士'的基本流程，方向正确。DeepSeek更详细地提供了去哪个窗口、怎么说（具体日文句子）以及通知类型识别指南。TEBIQ的答案对用户来说够用但不如DS实用，判定tied。结尾略套路化。
eval-lab-v1-F04,3,no_next_action,tied,1.先看清通知书要求：针对哪个问题作出说明（避免答非所问）| 2.结构：申请人信息+要说明的事项摘录+时间线事实陈述+结论 | 3.原则：事实优先（用客观事实不用主观感受），针对性回应（不写无关内容），正式但清晰的日语 | 4.矛盾解释：若材料有矛盾，说明产生原因；若有空白期，说明正当理由 | 5.日语表达有困难时：找行政书士代写比自己乱写风险低,0.74,TEBIQ的咨询逻辑正确（先了解具体要求再给指导），三个写作原则也准确。但用户看完TEBIQ的回答，如果没有补充信息就没法开始写——DS直接给出了可用的写作框架（开头/主体/事实支撑/结论），用户拿到就能动手。属no_next_action。整体判定tied。
eval-lab-v1-F05,3,no_next_action,tied,1.首先确认在留期限：不许可后在留窗口可能非常短，这是最紧迫的事 | 2.去入管窗口请求说明不许可理由（可以口头问，有时能通过情报开示获取书面理由）| 3.根据理由选择路径：可以再申请/行政不服申立（審査請求，3个月内）/或离境 | 4.不同申请类型的注意：永住不许可与变更/更新不许可的后续处理不同 | 5.立即找行政书士：不许可后时间窗口往往很短，每天都有影响,0.74,TEBIQ正确强调了先确认在留期限这一优先事项，并提到了再申请/行政申诉/离境三条路径。但没有解释各路径的具体条件和时间限制（比如行政不服申立必须3个月内），用户看完知道有路径但不知道怎么选。属no_next_action。整体判定tied。
eval-lab-v1-F06,2,shallow_answer,regression,1.情景1：现有在留卡还在有效期内 → 可合法停留到期限最后一天 | 2.情景2：在留期限已过/申请期间在留自动延长状态被拒 → 入管通常给30天出境准备期 | 3.出境准备期：通知书上会写明，以该日期为准，超过即非法滞留 | 4.情景3：涉及退去强制 → 收到意见听取通知须立即处理，时间极短 | 5.不论哪种情况：收到通知书当天就确认在留卡期限并咨询行政书士,0.82,TEBIQ的回答只说了'可以停留到在留卡到期'，完全遗漏了最重要的情景：在留期限已过或因申请期间延长状态而被拒时，入管通常给30天出境准备期这一关键信息。用户最可能处于这个情景，DeepSeek有详细的3种情景分析。TEBIQ对这个问题的回答信息密度明显不足，判定regression。
eval-lab-v1-F07,3,over_safe_generic,tied,1.可以再申请，无强制等待期，但须实质改善不许可的原因 | 2.先弄清理由：去入管窗口确认，或申请情報開示了解审查要点 | 3.行政不服申立路径：审查請求（法务大臣，3个月内）或审查庭诉讼，有严格时限 | 4.再申请vs申诉的选择：取决于不许可原因性质（材料不足 vs 制度性拒绝）| 5.当前在留期限是关键约束：期限不足时申诉路径优先于再申请,0.73,TEBIQ覆盖了可再申请、行政申诉路径（審査請求、異議申立）和时限的重要性，并要求用户确认关键信息以给出具体建议。DS更详细地给出了每种不许可原因的对应思路。整体信息量相当，判定tied。结尾列举问题略套路化，但在收集信息上是合理的TEBIQ行为。
eval-lab-v1-F08,3,over_safe_generic,tied,1.不服申立期间（申诉期限）：知道处分次日起3个月内，错过则行政申诉路径关闭 | 2.出境准备期间：在留期限已过的情况下给予的离境缓冲，通常30天左右 | 3.两者后果完全不同：申诉期限错过无法推翻决定，出境期限错过构成非法滞留 | 4.立刻核对：在留卡上的期限 vs 通知书上的日期 | 5.不同申请类型（更新/变更/永住）的期限处理方式有差异，需个案确认,0.74,TEBIQ正确区分了两类期限（在留期限 vs 申诉期限）及其不同后果，与DeepSeek信息密度相当。TEBIQ特别强调了'核对在留卡与通知书'的具体行动，有实用价值。DeepSeek对申诉期限（3个月内）和出境准备期（30天）的数字更明确，TEBIQ未列出具体数字。整体tied，结尾略套路化。
eval-lab-v1-F09,3,shallow_answer,tied,1.必带基础材料：护照+在留卡原件/申请受理票/已提交申请的复印件/入管通知书原件 | 2.根据说明主题准备证据：活动内容(在职证明/薪资明细)/地址(住民票/租约)/出入境(护照入境章)/特殊情况(诊断书等) | 3.准备书面要点摘要：防止紧张漏说，与书面材料保持一致 | 4.语言支援：带会日语的陪同或提前委托行政书士 | 5.不要只靠口头解释：每一句陈述都要有书面材料支撑,0.73,TEBIQ的咨询逻辑正确（先了解具体情况再给出针对性建议），给出的基础材料清单也合理。但DS提供了更完整的分情景材料清单（按说明主题类型列出不同证据），这对用户准备很有帮助。TEBIQ的答案在被截断前也给出了基础材料列表，但缺少按说明主题的差异化建议，属shallow_answer。整体tied。
eval-lab-v1-F10,3,over_safe_generic,tied,1.先看信封上的寄件方，判断是入管/区役所/年金机构等哪个部门 | 2.快速扫描关键词：審査結果/補完要求/在留カード/退去強制等，判断通知类型 | 3.找期限：看通知内有没有'○月○日までに'等日期表述 | 4.找专业翻译：行政书士/多语言在留支援团体，当天联系 | 5.若有'退去強制'或'意見聴取'等字样：极为紧迫，立即处理,0.72,TEBIQ给出了简洁有力的行动指引（马上找人读懂+当天找行政书士），2周期限警告也有实用价值。DeepSeek更全面地提供了关键词识别指南，帮助用户自己初步判断通知类型（如退去強制这类紧急情况）。TEBIQ未区分通知紧急程度，略有shallow_answer倾向。整体tied。
eval-lab-v1-G01,4,fact_underused,tied,Confirm if move was recent or long past; state 14-day obligation and consequences of delay; explain process: 転出届 (old ward) then 転入届 (new ward) with 在留カード; warn that mismatch can surface as contradiction in 更新/永住 materials; if period far exceeded consider 行政書士,0.72,"TEBIQ gives a solid risk-oriented answer that surfaces the downstream consequence (住民票/税務/年金 record contradictions affecting 在留更新 or 永住). DS is slightly more procedurally precise: it explicitly walks through 転出届 → 転入届 for cross-municipality moves, a step TEBIQ omits. Both are quality answers; TEBIQ does not clearly add over DS on this topic, hence tied rather than strict_added."
eval-lab-v1-G02,2,"fact_miss,unsafe_overclaim",regression,"Key fact: 区役所 handles the address update AND notifies 入管 via the system — you do NOT need to separately go to 入管 for a routine address change; state 14-day deadline; list what to bring; mention side items to settle at 役所 (NHI, pension); note edge case where 在留申請 is pending",0.83,"TEBIQ makes a significant factual error: it tells users they must separately visit 入管 to file a 住居地届出 AFTER visiting 区役所, stating 'the two notifications cannot substitute each other.' Under the current 在留カード system (post-2012), the municipality reports the address change to 出入国在留管理庁 electronically — there is no separate 入管 visit required for a routine address change. DS correctly states this linkage ('区役所会直接将地址写入在留卡并通过系统联动传递给入管'). TEBIQ's incorrect guidance could cause users to make an unnecessary trip and more dangerously suggests a compliance process that does not exist, qualifying as regression."
eval-lab-v1-G03,3,"fact_underused,shallow_answer",tied,"14 days from moving into the new residence; if cross-municipality: 転出届 at old ward first; at new ward: bring 在留カード, address proof; address printed on card back; consequences of delay: possible 届出遅延 record visible in future 更新/永住 review; escalate to 行政書士 if long overdue",0.7,"TEBIQ covers the 14-day rule and late-filing risk adequately, and appropriately recommends 行政書士 for complex cases. However it misses the procedural detail DS includes: when moving across municipalities you must file 転出届 at the old ward first. TEBIQ's phrasing ('from when address is confirmed') is slightly less precise than DS's 'after moving in.' No major factual errors, but the answer is shallower on procedure, resulting in tied rather than strict_added."
eval-lab-v1-G04,2,"fact_miss,no_next_action",regression,"First step: report to police station (警察署/交番) and obtain 遺失届出証明書; within 14 days apply for 再交付 at 入管 with: 申請書, photo, 証明書, passport; note 不携帯 risk during processing; if card also near expiry, combine 更新 申請; bring 紛失届受理番号 if police receipt only",0.83,"TEBIQ's fatal error: the first step it instructs users to take is going to 市区町村役所 (municipal office). The correct first step for a lost 在留カード is to report to the 警察署 (police station) to obtain the 遺失届出証明書. This certificate is required when applying for 再交付 at 入管. The municipal office plays no role in 在留カード loss reporting. DS correctly walks through: police first, then 入管 within 14 days with specific materials. Misdirecting users to the wrong government office on an urgent 14-day deadline matter is a clear regression."
eval-lab-v1-G05,3,fact_underused,tied,"Confirm application was submitted before expiry (if not: extremely urgent, contact 行政書士 immediately); if submitted: 特例期間 allows stay for up to 2 months after expiry; during 特例期間 can continue prior activities including work; monitor for mail/追加資料 notice; if 特例期間 also near end, proactively contact 入管; keep 受付票 on hand at all times",0.72,"TEBIQ covers the critical points well: confirms whether application was submitted before expiry, explains 特例期間, warns about 不許可 risk. The main gap: it omits that the user can legally continue working during 特例期間 — for work visa holders this is a crucial practical fact. DS explicitly states this. TEBIQ's action guidance (monitor 受付票, watch for mail) is appropriate. Overall tied — TEBIQ is comparable to DS in quality but misses one important fact."
eval-lab-v1-G06,4,,strict_added,"First: use photo translate to classify urgency (watch for 期限/督促/差押 keywords); go to 区役所's 外国人相談窓口 with original notice; if notice appears 在留-related (referencing 入管/在留資格): escalate to 行政書士, do not rely on 役所 window alone; note that ignored notices can generate late fees or affect 在留更新 review",0.7,"TEBIQ adds genuine value over DS: it explicitly flags that if the notice appears 在留-related (mentions 入管 or 在留資格), the user should escalate to 行政書士 rather than just visiting the 役所 window. This triage distinction — operational vs. in-留-status notices — is the key risk differentiation. TEBIQ also correctly notes that ignored notices can affect 在留更新, linking a seemingly routine admin issue to immigration risk. DS offers good practical advice but lacks this escalation signal, making TEBIQ a strict_added."
eval-lab-v1-G07,4,,strict_added,Classify notice: 国税 (税務署) vs 住民税 (市区町村役所) — different handling; for 国税: call 国税庁 外国人向けタックスアンサー (中英韓); for 住民税: go to 市役所/区役所; warn that 住民税 payment record affects 永住/帰化 screening; don't treat any notice as irrelevant; go in person with notice + 在留カード if unclear,0.72,"TEBIQ adds two pieces of genuine value DS lacks: (1) the critical distinction between 国税 (税務署 → 国税庁 multilingual hotline) and 住民税 (市区町村役所), which determines which office to contact; (2) explicitly linking 住民税 payment history to 永住/帰化 screening — a risk connection the user didn't ask about but needs to know. TEBIQ also names the specific 国税庁 foreign language hotline. DS offers decent general advice but misses this taxonomy, making TEBIQ a clear strict_added."
eval-lab-v1-G08,3,fact_underused,tied,"Trigger: long-term overseas stay (>1 year) or no fixed return plan; timing: within 14 days BEFORE departure, cannot file from abroad; if already departed: delegate to family/agent in Japan with written proxy; effects: 住民票 removed, 国保/年金 termination — handle all at 役所 visit; note 在留資格 itself is unaffected by 転出届",0.72,"TEBIQ correctly covers the main points: before-departure timing, the >1 year / no-return-plan trigger, and suggests confirming with 役所 on exact deadline. However, it omits the important detail DS includes: if you've already departed without filing, you must delegate to a family member or agent in Japan with a written proxy (委任状). This is a non-trivial practical gap for users who are already abroad. Otherwise answers are comparable in quality, making this tied."
eval-lab-v1-G09,4,,strict_added,"First: confirm two branching facts — (a) did user file 海外転出届 before leaving? (b) is 在留カード still valid? Standard case (転出 filed, card valid): bring 在留カード, address proof, go to 役所 within 14 days; if 転出 not filed / card expired / 在留資格 changed: do NOT self-judge, go to 行政書士 first to resolve 在留 status before住民登録",0.72,"TEBIQ adds genuine value by front-loading the two critical branching conditions before jumping into procedure: was 海外転出届 filed, and is the 在留カード still valid? This is exactly the right diagnostic framing — the answer differs substantially depending on these conditions. TEBIQ then flags that atypical situations (no 転出, expired card, changed 在留資格) require 行政書士 consultation before proceeding with 住民登録. DS goes straight to the standard procedure without branching. TEBIQ's risk-triage structure is strictly better."
eval-lab-v1-G10,3,shallow_answer,tied,"Identify which field mismatches: address (most common — 届出遅延, fix at 役所 then confirm with 入管); name/DOB (usually 役所 data entry error — bring passport + 在留カード to 役所 to correct); 在留資格 (rarer — check which record is authoritative, may require 入管 involvement); warn that any existing 届出遅延 will appear in future 更新/永住 review; escalate to 行政書士 to assess if penalty has accrued",0.7,"TEBIQ provides solid risk framing — surfacing that 届出義務違反 will affect future 更新/永住 — but is less procedurally actionable than DS on how to actually fix each type of mismatch. DS walks through address correction step-by-step (update 役所 then update 入管 within 14 days, what to bring). TEBIQ spends more text on warning about risk categories without clearly guiding the user on concrete resolution steps for each case type. The 行政書士 recommendation at the end is appropriate but comes after relatively thin procedural guidance, resulting in tied."
eval-lab-v1-H01,2,user_intent_misread,regression,Recognize ambiguity: most likely asking about 脱退一時金 application deadline (2 years after losing JP residence); alternatively asking about mandatory enrollment age limit (70) or monthly payment schedule; ask one clarifying question; do not default to 永住 context without evidence,0.75,"TEBIQ immediately assumes the user is asking about the 厚生年金 record cutoff date for 永住 applications, framing the answer around the 2-year proof window required for permanent residence review. This is a strong context projection with no evidence in the question. The natural reading of '厚生年金截止日期' in the context of a foreign national consulting service is almost certainly about the 脱退一時金 application deadline (2 years after departing Japan), which DS correctly identifies as interpretation #1. DS handles the ambiguity properly by offering three interpretations. TEBIQ's mismatch means a user asking about 脱退一時金 gets an irrelevant answer about 永住 documentation timing."
eval-lab-v1-H02,3,,tied,"Permanent residence: most affected — requires showing 2-year payment record, 5-year consistent payment history; late/unpaid during required period cannot be reversed by later catch-up; work visa renewal: less direct but can be flagged if audited; check ねんきんネット for actual record; distinguish 厚生年金 (employer-deducted) vs 国民年金 (self-paid); if underpaid, address before next renewal",0.7,"Both answers cover the core risk: 国民年金 non-payment most severely affects 永住 applications, less directly affects work visa renewals. TEBIQ is more precise about the 2-year/5-year documentation requirements for 永住, while DS covers more visa types (work, family, student). TEBIQ is somewhat truncated in its answer but makes the key distinction clearly. Neither adds clearly distinct value over the other; quality is comparable, resulting in tied."
eval-lab-v1-H03,4,,strict_added,"Clarify visa type and goal (renewal vs 永住) first; for 永住: must submit 3-year 住民税 証明, late payment leaves a residual record even if later settled; for work-visa renewal: less formal, but unpaid records visible in audit can become negative factor; practical first step: confirm exact unpaid years and amounts at 区役所; bring current status to 行政書士 for risk assessment before next application",0.7,TEBIQ adds genuine value by explicitly scoping its answer to the user's actual goal: it distinguishes 永住 (where 住民税 records are formally required for 3 years) from 在留 更新 (where impact is less formal but still possible). It also asks clarifying questions (which year? which visa? when is expiry?) that correctly gate the risk assessment. DS gives a solid general answer but treats the question uniformly. TEBIQ's contextual triage and clarifying questions make it strictly more useful for the target user.
eval-lab-v1-H04,4,,strict_added,"Front-load: missing 社保 enrollment affects 在留 renewals and 永住 as a 在留状況不良 signal, not just a labor law issue; confirm in writing with employer (email/document) that you are not enrolled; contact 年金事務所 or 労働基準監督署 if employer refuses; if issue persists, apply individually for 国民健康保険 + 国民年金 as a documented alternative; at next renewal, proactively explain the gap and provide NHI/NP enrollment proof to prevent misinterpretation",0.72,"TEBIQ adds genuine value by surfacing the 在留 dimension DS omits: missing 社保 enrollment is not just a labor compliance issue but a potential 在留審査 red flag. The practical step TEBIQ offers — prepare an explanation for the next 更新 showing NHI/NP enrollment as an alternative — is directly actionable and addresses a risk the user probably hadn't considered. DS provides better procedural detail on enforcement (年金事務所 referral), but TEBIQ's 在留 risk framing and renewal-prep advice make it a strict_added."
eval-lab-v1-H05,4,fact_underused,strict_added,"Option 1: National health insurance (国民健保) within 14 days at 役所; bring 離職票 or 資格喪失証明書; Option 2: 任意継続 within 20 days, full premium for up to 2 years; Option 3: join as dependent on spouse/family member's plan (if household income qualifies); CRITICAL for work-visa holders: 離職 triggers 14-day 入管 報告 obligation and requires new 在留-compliant employment within 在留期限 — address both simultaneously",0.72,"TEBIQ adds the most important value DS misses: for work visa (技人国等) holders, resignation triggers both a health insurance gap AND a 在留 compliance risk. The 14-day 入管 reporting obligation and the need to find 在留-compliant employment are critical and time-sensitive — DS doesn't mention these at all. TEBIQ correctly flags them. However, TEBIQ misses the family-dependent coverage option that DS covers, which is a useful alternative for users with employed spouses. The 在留 risk surfacing makes this strict_added despite the coverage gap."
eval-lab-v1-H06,4,fact_underused,strict_added,"Eligibility: non-JP national, lost JP residence, paid 6+ months, never received any JP pension; apply within 2 years of losing JP residence by mail to 日本年金機構; CRITICAL: 永住者/定住者 cannot apply; CRITICAL: applying resets your entire pension contribution record to zero — permanently destroys the 5-year payment history needed for 永住; if 永住 is a future possibility, do NOT apply without expert consultation; check ねんきんネット first; gather required docs (application form, passport, 住民票除票)",0.78,"TEBIQ delivers the most important proactive insight: applying for 脱退一時金 permanently resets your pension record to zero, which would destroy the 5-year continuous payment history required for 永住 application. This is exactly the kind of irreversible consequence the user did not ask about but needs to know before deciding. DS provides excellent procedural detail (document checklist, bank account requirements, overseas SWIFT codes) that TEBIQ omits, but the pension-record-reset warning is a high-stakes risk that makes TEBIQ strict_added despite the procedural gap."
eval-lab-v1-H07,4,,strict_added,"Answer: needed if you have outstanding tax obligations after departure (rental income, business income, unpaid 住民税/所得税); before deciding, check: (1) any unpaid tax years — resolve before departure, not after; (2) 在留期限 and whether using 視同再入国 — must return within 1 year AND within 在留期限; if returning after >1 year, 在留資格 itself may be affected; recommend consulting 行政書士 + 税理士 before departure to consolidate both dimensions",0.7,"TEBIQ adds two proactive risk dimensions beyond the direct question: (1) outstanding taxes should be resolved BEFORE departure, not managed remotely — critical for 永住 applicants' clean records; (2) the 在留 re-entry risk: using 視同再入国 limits the user to 1 year abroad within the 在留期限, and exceeding either risks losing 在留資格 entirely. DS appears to focus only on the tax question itself. TEBIQ's linking of departure timing to 在留 validity is the kind of risk the user likely didn't consider when asking about 納税管理人."
eval-lab-v1-H08,3,shallow_answer,tied,"Explain mechanism: 確定申告 feeds into 住民税 calculation — no 申告 means 役所 has no income data, which causes abnormal (zero or missing) 課税証明 that 入管 will flag; self-employed or side-income earners must file regardless; salaried workers with only one employer usually covered by 年末調整; late filing possible (up to 5 years) but leaves a trace; 永住 applicants: check every year's record via ねんきんネット and contact 税理士 immediately",0.7,"Both answers address the core risk. TEBIQ adds value with its clarifying questions (which year? which visa? what plans?) and the observation that late records leave a trace. However, TEBIQ does not explain the causal mechanism DS covers well: 確定申告 → 住民税 calculation → 課税証明 abnormality → 入管 flag. Without this chain, the user may not understand WHY the 申告 omission shows up in 在留 审查. TEBIQ is good but slightly shallower on mechanism, resulting in tied."
eval-lab-v1-H09,4,,tied,"Key variables: (a) which tax year(s) — do they fall in the 3-year 住民税 or 2-year 年金 window required for 永住? (b) was it an omission vs. underdeclaration? (c) has it been fully paid now? Pay immediately if not yet paid; obtain 納税証明書その3 or 未納のない証明 after settlement; if within the 永住 documentation window, consider delaying application until the incident is further from the record window; do not apply immediately — consult 行政書士 or 税理士 first",0.7,"Both answers are solid. TEBIQ adds the strategic insight that if the補税 year falls within the 永住 documentation window (3 years for 住民税, 2 years for 年金), the user should consider delaying their application — a concrete action DS does not recommend. DS provides better procedural detail (specifically names 納税証明書その3, which TEBIQ omits). The strategic timing advice and the documentation window analysis make both answers valuable in different ways, resulting in tied rather than strict_added."
eval-lab-v1-H10,4,fact_underused,tied,"Both leave a record: late payment = paid after deadline (延滞金applies, fact of lateness remains); non-payment = ongoing non-compliance (催告書, potential 差押 of wages/bank accounts); for 永住: both are negative in 直近3年 review, but non-payment is evaluated far more severely as it implies ongoing non-compliance rather than a one-time slip; action: gather 3-year 住民税 records, assess severity with 行政書士 before submitting 永住 application",0.7,"TEBIQ frames the distinction well through the 永住 lens: both are 'principal negative factors,' but non-payment (ongoing) is evaluated more harshly than late payment (completed, one-time). This is useful for the target audience. However, TEBIQ misses the practical legal escalation cascade DS covers: 催告書 → financial investigation → 差押 (asset seizure). For a user who has not been paying at all, this enforcement cascade is critical information — it goes beyond 永住 risk to immediate financial risk. The omission makes this tied rather than strict_added."
eval-lab-v1-I01,4,fact_underused,tied,"Frame with binary question first: permanent departure or might return? Not returning: 在留カード returned/punched at airport, file 海外転出届, apply for 脱退一時金, complete company dissolution and tax filings before departure; possibly returning: use 視同再入国 or formal 再入国許可, but 活動実態 for 経営管理 is scrutinized if not actively operating — flag this as a risk",0.72,"TEBIQ's strategic framing is correct: the binary 'return vs. not return' question determines the entire procedure set. The 活動実態 warning for 経営管理 holders is a genuine proactive insight DS doesn't surface. However, TEBIQ lacks the procedural depth DS provides on company dissolution (解散登記 → 清算 → 税務申告 sequence), which is the most complex and consequential part of abandoning a 経営管理 visa. Different strengths cancel out; tied overall."
eval-lab-v1-I02,4,fact_underused,tied,"If returning with same visa: keep card, use 視同再入国 (1-year limit + 在留期限, whichever shorter); if not returning: hand over card at airport (it is returned or punched); if already abroad without returning it: can mail to specific 入管 address (東京入管おだいば分室); critical risk: if 在留期限 expires while abroad, even a valid card in hand cannot enable re-entry",0.7,"TEBIQ covers the core cases well and adds a useful risk flag: 在留期限 can expire while the user holds a valid card abroad, making re-entry impossible. DS adds the practical mailing address for returning the card from overseas, which TEBIQ omits — a concrete operational detail that may matter to someone already abroad. Different strengths cancel out; tied."
eval-lab-v1-I03,4,,strict_added,"みなし再入国: no pre-application, at airport, 1-year limit or 在留期限 (whichever shorter); regular 再入国許可: apply at 入管 beforehand, up to 5 years; decision depends on: 在留資格, current 在留期限, planned abroad duration; for 経営管理 holders: even with valid 再入国許可, long absence risks 活動実態 questions at future 更新/永住 review — flag this proactively",0.72,"TEBIQ correctly explains the mechanics of both permit types and adds a proactive risk flag DS misses: 経営管理 holders who are absent long-term may face 活動実態 scrutiny at future 更新 or 永住 审查, even if their 再入国許可 is technically valid. This is exactly the kind of downstream consequence a user comparing two procedural options wouldn't think to ask about. The flagging of this risk, combined with the practical advice to confirm 在留資格 and planned duration before deciding, makes TEBIQ strict_added."
eval-lab-v1-I04,4,fact_underused,tied,"Not recommended in general; if during normal 更新 period with valid 再入国: possible but risky if 更新 is denied while abroad; if during 特例期間 (past 在留期限): significantly higher risk — airport may refuse re-entry, real cases exist; before departure: notify 入管, arrange proxy to receive mail, keep 申請受付票; if in 特例期間 specifically, strongly advise against departure",0.72,"TEBIQ adds value by emphasizing the 特例期間 case as distinctly riskier — notes that real-world airport rejections exist for people exiting during 特例期間. This practical emphasis is appropriate. However, TEBIQ omits DS's practical advice to set up a proxy in Japan to receive 入管 mail/notifications during the period abroad, which is an important operational step. Different strengths make this tied."
eval-lab-v1-I05,4,fact_underused,tied,"Core risk: if 在留期限 expires during absence, 視同再入国 becomes invalid, cannot re-enter; if 入管 requests 追加材料 and user is abroad, audit may stall or be denied; if 不許可 while abroad, recovery is much harder than if in Japan; for 経営管理: long absence creates 活動実態 risk; before departing, confirm with 入管 and arrange proxy; if within 1 month of 在留期限, recommend 行政書士",0.7,"TEBIQ correctly identifies the primary risks and asks appropriate clarifying questions. The 経営管理 活動実態 risk is a good proactive flag. However, TEBIQ doesn't explain what happens if 不許可 is issued while the user is abroad — DS notes this leads to a much more complex recovery situation, which is important context for a user evaluating whether to travel. This omission makes it tied rather than strict_added."
eval-lab-v1-I06,4,,strict_added,"Confirm type of re-entry permit used at departure; 視同再入国 → 1-year hard limit, no recovery if exceeded; regular 再入国許可 → up to 5 years; PROACTIVE: 1+ year absence affects 永住 application because 在日居住実態 will be questioned — even if 在留資格 is still technically valid; PROACTIVE: 家族滞在 holders — if sponsor's visa status changes during your absence, 家族滞在 may be affected too; recommend 行政書士 if situation is complex",0.72,"TEBIQ adds two proactive risks DS doesn't mention: (1) over 1-year absence, even if 在留資格 is maintained via formal 再入国許可, will undermine the 居住実態 (continuous residence) requirement for future 永住 applications — this is a long-term consequence the user asking about 1-year departures wouldn't consider; (2) 家族滞在 holders face collateral risk if their sponsoring visa holder's status changes during the absence. These forward-looking flags make TEBIQ strict_added."
eval-lab-v1-I07,4,,strict_added,"Reframe first: focus on completing departure procedures correctly before worrying about tourist visa; tourist visa likelihood depends on: (a) how you departed (clean vs. irregular), (b) any violations during stay, (c) outstanding obligations (tax, insurance, company cleanup); if 経営管理: uncleaned company or outstanding tax may appear in 在留履歴 and affect future entry scrutiny; no violation record + clean departure → tourist visa generally possible; recommend 行政書士 履歴 review if history is complex",0.7,"TEBIQ correctly reframes the question: the user is asking 'can I get a tourist visa later?' but the more urgent and actionable priority is 'make sure you depart correctly now.' If the departure process leaves loose ends (tax, company, insurance), those become the obstacle — not the tourist visa per se. TEBIQ also surfaces the 経営管理 specific risk of an uncleaned company appearing in 在留履歴. DS provides a solid general answer but doesn't redirect the user's attention to the more important prerequisite of clean departure."
eval-lab-v1-I08,4,fact_underused,tied,"Frame with binary: short-term return vs. not returning; if returning: uncleaned company with no operations creates 活動実態 risk at next re-entry or 更新 — flagged by 入管; if not returning: technically no one stops departure, but uncleaned company remains legally liable (税務申告 obligations, 法人住民税, social insurance) and will create obstacles for any future 在留申請; confirm: (a) does company have any actual operations? (b) when is 在留期限?",0.7,"TEBIQ's binary framing (return vs. not return) is appropriate and the 活動実態 risk warning for 経営管理 holders is correct. However, TEBIQ doesn't cover what DS addresses clearly: even if the company is dormant, legal obligations (法人税 filing, 社会保険 continuation, potential personal liability for 源泉所得税) persist. DS makes this concrete with specific tax/insurance obligations; TEBIQ stays at the conceptual level of 'company cleanup needed.' Different strengths; tied."
eval-lab-v1-I09,4,fact_underused,strict_added,"役所: 転出届 (triggers 住民票 除票, NHI cancellation); settle NHI back-payments; 税務: confirm 確定申告 completion for current year; designate 納税管理人 for 住民税 installments due after departure (legally required); PROACTIVE: any 住民税 paid late through 納税管理人 leaves a lateness record — if 永住 is a future goal, this affects the 直近3年 clean-payment requirement; 年金: if non-Japanese non-永住者, apply for 脱退一時金 after departure within 2-year window",0.72,"TEBIQ adds the most important proactive insight: even if you designate a 納税管理人 to handle 住民税 after departure, any late payments still leave a trace in the 住民税 record, which is audited for the 直近3年 in 永住 applications. DS provides better operational detail on each procedure (including マイナンバーカード handling and 手当 termination) but doesn't connect this to 永住 risk. TEBIQ's proactive link between routine departure tax-handling and long-term 永住 consequences qualifies as strict_added."
eval-lab-v1-I10,3,shallow_answer,tied,Definition: leaving Japan without using any 再入国 procedure = 在留資格 lapses upon exit; two specific forms: (1) checking 非再入国 box on departure card; (2) not doing any 再入国 procedure at all when departing; physical consequence: 在留カード is confiscated/punched at airport by immigration officer; after this: must reapply from scratch (在留資格 認定証明書 process); applies when: definitely not returning or closing out all JP ties,0.7,"TEBIQ's distinction between the two forms of 非再入国 出境 is a genuine improvement over DS's unified explanation. However, TEBIQ omits the concrete physical procedure DS covers: the 在留カード is collected or punched at the airport exit gate. For someone who doesn't know this, the physical interaction is important to know about in advance. The answer is adequate but slightly shallower on the procedural detail that makes the concept real to the user; tied with DS overall."
eval-lab-v1-J01,4,,tied,"Recognize the question as a signal that something changed; ask 3 diagnostic questions (current 在留資格, 在留期限, what changed recently); give scenario examples: 技人国 + resigned → 3-month activity clock + 14-day 入管 report; graduation + no job → 特定活動 application; 配偶者 + divorce → 6-month activity deadline; if change was 1-2 months ago and user is confused: find 行政書士 immediately",0.7,"TEBIQ correctly frames the question as a risk signal rather than just a procedural inquiry, and uses conditional scenario examples (work visa + resignation → 3-month clock; graduation → 特定活動; spousal visa + divorce → 6-month deadline) that DS does not. DS's 5-point checklist is more comprehensive as a self-assessment framework. TEBIQ's urgency framing and time-bound scenario examples add value, but DS's comprehensive checklist is equally useful. Tied."
eval-lab-v1-J02,3,fact_underused,tied,"Identify two immediate facts: (1) letter title/category, (2) any deadline; most common: 補完要求 → if deadline not met, application treated as withdrawn; 結果通知 (許可 or 不許可); CRITICAL MISS: 意見陳述/聴聞 notices → step before 在留資格 cancellation, require immediate 行政書士 consultation; bottom line: translate key fields today, never wait; if deadline is within 2 weeks and materials insufficient: 行政書士 now",0.7,"TEBIQ correctly identifies the most common type (補完要求) and gives appropriate urgency. However, it misses the 意見陳述 and 聴聞 (hearing) notices, which DS covers explicitly. These are the most serious type of 入管 letter — they signal the beginning of 在留資格 cancellation proceedings and require immediate expert response. For a risk-detection product, failing to flag the most dangerous letter type is a meaningful gap. TEBIQ and DS are otherwise comparable, making this tied."
eval-lab-v1-J03,3,shallow_answer,regression,"Critical rule: submit BEFORE the expiry date EVEN IF MATERIALS ARE INCOMPLETE — late submission = 不法滞在; how to submit with missing materials: bring what you have + write explanation at window, 入管 issues 補正通知 giving ~2 weeks to add missing docs; what 特例期間 means: up to 2 months of legal stay after expiry if application was submitted in time; if only days left: go to 入管 window today",0.75,"For a time-critical emergency scenario, TEBIQ is significantly shallower than DS. The most critical operational insight — that you can and MUST submit with incomplete materials, and that 入管 will issue a 補正通知 allowing you to add missing documents later — is absent from TEBIQ. TEBIQ only says 'some materials can be missing in some cases' without explaining the mechanism. DS walks through exactly how to approach the window with partial materials and what to expect. In a scenario where users may have days remaining, this operational gap makes TEBIQ a regression."
eval-lab-v1-J04,4,fact_underused,tied,"14-day 入管 reporting obligation for all cases; for 技人国: 在留 valid until expiry, but 3-month no-activity rule applies → go to Hello Work immediately for unemployment insurance (counts as legitimate reason); for 経営管理: if dismissed from management role, 在留 basis may be immediately undermined → consult 行政書士 before 3 months pass; confirm new job content matches visa type before accepting offer",0.7,"TEBIQ adds a genuine value DS doesn't: it differentiates the 経営管理 case from 技人国. For 経営管理 holders removed from their management role, the 在留 basis may be immediately undermined regardless of the 3-month clock that applies to employees — this distinction is correct and important. However, TEBIQ omits the practical step DS includes: filing for unemployment insurance at Hello Work immediately after dismissal, because the unemployment period counts as a legitimate reason for the activity gap. This is an actionable step that matters greatly for 技人国 holders, resulting in tied."
eval-lab-v1-J05,4,,strict_added,"14-day 届出 obligation already missed: you are now in 未履行 state; 6-month no-activity rule: if divorced and not changing visa, 在留資格 can be cancelled; file 届出 with explanation of delay ASAP; CRITICAL: filing 届出 alone does NOT preserve your visa — you must ALSO change 在留資格 to 定住者 or other appropriate status; for 定住者: need records of Japan residence, work history, children (if any); recommend 行政書士 to determine which alternative status is viable",0.75,"TEBIQ adds the most important insight: filing the 届出 is not enough to preserve the visa. The 配偶者 visa basis is gone after divorce; the user must also CHANGE their 在留資格 (e.g., to 定住者). DS mentions this possibility but not as a distinct mandatory step. TEBIQ is more direct: 届出 is a compliance step, but the 在留資格 transformation is the survival step. This framing is strictly more useful for the user's actual problem."
eval-lab-v1-J06,4,,strict_added,"Yes, it significantly affects renewal; the core criterion is actual, continuous business operations, not company registration; key evidence gaps: no turnover, empty office, no transactions; 2025年10月改正 context: existing 経営管理 holders have a 過渡措置 until 2028年10月 — new criteria (3000万 capital, etc.) not fully required, but 綜合的 assessment of operational trajectory still applies; action: document any recent business activity however small; prepare improvement plan with concrete timelines, numbers, and documentary evidence; if company is fully dormant, pure AI advice cannot substitute 行政書士",0.75,"TEBIQ correctly applies the 2025年10月 policy revision and 過渡措置 to this scenario — a context DS doesn't mention. For an existing 経営管理 holder approaching renewal, knowing that the new 3000万 capital requirement has a transition window (until 2028年10月) but that 綜合的 assessment still applies is directly actionable intelligence. TEBIQ also pushes toward concrete evidence-gathering rather than abstract explanation. These additions make TEBIQ strict_added."
eval-lab-v1-J07,4,fact_underused,strict_added,"CRITICAL FIRST: check if current work already constitutes 資格外活動 — if 技人国 holder doing kitchen/floor service work, that is likely already a violation; must resolve this before applying for anything else; to open a store: typically need to change to 経営管理 在留資格; requirements: independent commercial space, legitimate business plan, meaningful investment scale (500万+ capital or 2+ employees); if 留学 or 家族滞在: different 資格外活動 time limits apply; recommend 行政書士 to assess both current compliance AND 経営管理 feasibility",0.72,"TEBIQ adds the most important proactive risk: if the user is currently doing physical labor (kitchen, floor service) as a 技人国 holder under the guise of 'part-time work,' they may ALREADY be in 資格外活動 violation before even beginning the shop application. This risk must be resolved before any new application — otherwise the 在留 record going into the 経営管理 application is already tainted. DS goes straight to how to apply for 経営管理 without flagging this. TEBIQ's pre-application compliance check is the correct first step."
eval-lab-v1-J08,3,shallow_answer,tied,Confirm visa type and actual work content; Case A: 留学 or 家族滞在 → can apply for 資格外活動許可 (28-hour/week limit) to legalize the work; Case B: 技人国 doing work outside the permitted scope → need to either find 在留-compliant work or apply for 在留資格変更; Case C: 特定技能 or other specialized visa → different rules apply; critical action: stop non-compliant work immediately while resolving; document everything; consult 行政書士 with full employment contract history,0.7,"TEBIQ correctly identifies this as a 資格外活動 risk and gives the right escalation advice (stop + 行政書士). However, it misses the case differentiation DS covers: the solution depends entirely on what visa type and what work is happening. For 留学/家族滞在 holders, the fix may be as simple as applying for 資格外活動許可; for 技人国 holders doing wrong-type work, a full 在留変更 may be required. Without this branching, TEBIQ's answer is correct but incomplete, leaving users without a clear picture of whether their situation is fixable easily or requires major changes."
eval-lab-v1-J09,4,fact_underused,tied,"Clarify type and severity: 住民税 (3-year window), 年金/健保 (2-year window), 所得税; distinguish: 滞納 (paid late) vs. 未納 (still unpaid) vs. 免除申請 (officially deferred); if anything unpaid: must clear ALL before applying; get actual certificates NOW (課税証明, 納税証明, ねんきんネット printout) rather than going by memory; even after clearing: late payment traces remain, recommend 1-2 years of clean record before applying; bring certificates to 行政書士 for proper pre-application assessment",0.7,"TEBIQ adds genuine value by specifying the exact audit windows (年金 2 years, 住民税 3 years) and crucially recommending the user get actual certificates from official sources rather than reasoning from memory. This is the correct diagnostic approach. DS provides the missing piece: even after clearing all debts, a 1-2 year period of clean record is advisable before applying. TEBIQ doesn't mention this waiting-period recommendation, which is an important strategic consideration. Different strengths; tied."
eval-lab-v1-J10,3,shallow_answer,tied,"Structured checklist: (1) 在留カード — validity, address current; (2) 住民登録 — 転入届 on move, 転出届 on departure; (3) 入管報告 — job change, school change, divorce, all trigger 14-day 届出; (4) 国保/年金 — gaps when changing employers, 免除 申請 if needed; (5) 税金 — check 住民税 payment history at 役所 or online; (6) 在留資格 — check if actual activities still match visa; if any event occurred: list by year from entry to now, identify which triggered reporting obligations",0.7,"TEBIQ's retrospective event-driven approach (year-by-year timeline from entry) is the correct methodology for a comprehensive check. However, DS's structured checklist across 5 categories is more actionable for a user who doesn't know what they're looking for. TEBIQ notably misses the 税金 angle — checking 住民税 payment history is a common overlooked obligation. DS covers this. TEBIQ's approach is good in concept but less complete in coverage, resulting in tied."
